Gender,Age,Previous GPA,Past class failures,Study time per week,Attendance rate,Parental education level,Socioeconomic status,Motivation level,Self-discipline,Health status,Hours of sleep,Parental involvement,Peer support,Participation in extracurricular activities,Final grade (out of 100)
Male,17,1.2,4,2,55.0,0.0,Low,1,1,1,10,1,1,No,38.0
Female,18,1.5,3,4,60.0,1.0,Low,2,1,2,12,1,1,No,42.5
Male,16,1.0,5,1,50.0,0.0,Low,1,1,1,8,1,1,No,30.0
Female,17,1.3,4,3,58.0,0.5,Low,1,2,1,7,1,1,No,35.0
Male,19,1.7,3,5,62.0,1.0,Low,2,2,2,9,1,1,No,45.0
Female,18,1.1,5,2,53.0,0.0,Low,1,1,1,6,1,1,No,28.0
Male,20,1.4,4,3,57.0,0.5,Low,1,1,1,7,1,1,No,33.0
Female,16,1.6,3,4,61.0,1.0,Low,2,2,2,8,1,1,No,41.0
Male,17,1.2,4,2,54.0,0.0,Low,1,1,1,6,1,1,No,36.0
Female,18,1.3,5,1,52.0,0.0,Low,1,1,1,5,1,1,No,29.0
Male,17,1.8,2,6,65.0,1.0,Low,2,2,2,10,1,1,No,48.0
Female,19,1.9,3,5,68.0,1.0,Low,2,2,2,11,1,1,No,50.0
Male,16,2.0,2,7,70.0,1.5,Low,2,2,2,9,1,1,No,52.0
Female,18,1.5,4,3,60.0,0.5,Low,1,1,1,8,1,1,No,39.0
Male,17,1.0,5,1,50.0,0.0,Low,1,1,1,7,1,1,No,25.0
Female,16,1.4,4,2,55.0,0.0,Low,1,1,1,6,1,1,No,32.0
Male,18,1.6,3,4,63.0,1.0,Low,2,2,2,8,1,1,No,44.0
Female,17,1.7,3,5,66.0,1.0,Low,2,2,2,9,1,1,No,46.0
Male,19,1.3,4,3,58.0,0.5,Low,1,1,1,7,1,1,No,34.0
Female,18,1.2,5,2,53.0,0.0,Low,1,1,1,6,1,1,No,27.0
Male,17,1.2,4,2,55.0,0.0,Low,1,1,1,10,1,1,No,38.0
Female,18,1.5,3,4,60.0,1.0,Low,2,1,2,12,1,1,No,42.5
Male,16,1.0,5,1,50.0,0.0,Low,1,1,1,8,1,1,No,30.0
Female,17,1.3,4,3,58.0,0.5,Low,1,2,1,7,1,1,No,35.0
Male,19,1.7,3,5,62.0,1.0,Low,2,2,2,9,1,1,No,45.0
Female,18,1.1,5,2,53.0,0.0,Low,1,1,1,6,1,1,No,28.0
Male,20,1.4,4,3,57.0,0.5,Low,1,1,1,7,1,1,No,33.0
Female,16,1.6,3,4,61.0,1.0,Low,2,2,2,8,1,1,No,41.0
Male,17,1.2,4,2,54.0,0.0,Low,1,1,1,6,1,1,No,36.0
Female,18,1.3,5,1,52.0,0.0,Low,1,1,1,5,1,1,No,29.0
Male,17,1.8,2,6,65.0,1.0,Low,2,2,2,10,1,1,No,48.0
Female,19,1.9,3,5,68.0,1.0,Low,2,2,2,11,1,1,No,50.0
Male,16,2.0,2,7,70.0,1.5,Low,2,2,2,9,1,1,No,52.0
Female,18,1.5,4,3,60.0,0.5,Low,1,1,1,8,1,1,No,39.0
Male,17,1.0,5,1,50.0,0.0,Low,1,1,1,7,1,1,No,25.0
Female,16,1.4,4,2,55.0,0.0,Low,1,1,1,6,1,1,No,32.0
Male,18,1.6,3,4,63.0,1.0,Low,2,2,2,8,1,1,No,44.0
Female,17,1.7,3,5,66.0,1.0,Low,2,2,2,9,1,1,No,46.0
Male,19,1.3,4,3,58.0,0.5,Low,1,1,1,7,1,1,No,34.0
Female,18,1.2,5,2,53.0,0.0,Low,1,1,1,6,1,1,No,27.0
Male,16,1.1,5,1,49.0,0.0,Low,1,1,1,7,1,1,No,22.0
Female,17,1.0,5,2,48.0,0.0,Low,1,1,1,6,1,1,No,20.0
Male,18,1.3,4,3,52.0,0.0,Low,1,1,1,8,1,1,No,28.0
Female,19,1.2,5,1,47.0,0.0,Low,1,1,1,5,1,1,No,19.0
Male,17,1.0,5,2,46.0,0.0,Low,1,1,1,6,1,1,No,18.0
Female,16,1.1,5,1,45.0,0.0,Low,1,1,1,7,1,1,No,17.0
Male,18,1.2,4,3,44.0,0.0,Low,1,1,1,8,1,1,No,21.0
Female,19,1.0,5,2,43.0,0.0,Low,1,1,1,6,1,1,No,16.0
Male,17,1.1,5,1,42.0,0.0,Low,1,1,1,7,1,1,No,15.0
Female,16,1.0,5,2,41.0,0.0,Low,1,1,1,6,1,1,No,14.0
Male,18,1.2,4,3,40.0,0.0,Low,1,1,1,8,1,1,No,13.0
Female,19,1.1,5,1,39.0,0.0,Low,1,1,1,5,1,1,No,12.0
Male,17,1.0,5,2,38.0,0.0,Low,1,1,1,6,1,1,No,11.0
Female,16,1.1,5,1,37.0,0.0,Low,1,1,1,7,1,1,No,10.0
Male,18,1.2,4,3,36.0,0.0,Low,1,1,1,8,1,1,No,9.0
Female,19,1.0,5,2,35.0,0.0,Low,1,1,1,6,1,1,No,8.0
Male,17,1.1,5,1,34.0,0.0,Low,1,1,1,7,1,1,No,7.0
Female,16,1.0,5,2,33.0,0.0,Low,1,1,1,6,1,1,No,6.0
Male,18,1.2,4,3,32.0,0.0,Low,1,1,1,8,1,1,No,5.0
Female,19,1.1,5,1,31.0,0.0,Low,1,1,1,5,1,1,No,4.0
Male,17,1.0,5,2,30.0,0.0,Low,1,1,1,6,1,1,No,3.0
Female,16,1.1,5,1,29.0,0.0,Low,1,1,1,7,1,1,No,2.0
Male,18,1.2,4,3,28.0,0.0,Low,1,1,1,8,1,1,No,1.0
Female,19,1.0,5,2,27.0,0.0,Low,1,1,1,6,1,1,No,0.0
Male,17,1.1,5,1,26.0,0.0,Low,1,1,1,7,1,1,No,5.0
Female,16,1.0,5,2,25.0,0.0,Low,1,1,1,6,1,1,No,4.0
Male,18,1.2,4,3,24.0,0.0,Low,1,1,1,8,1,1,No,3.0
Female,19,1.1,5,1,23.0,0.0,Low,1,1,1,5,1,1,No,2.0
Male,17,1.0,5,2,22.0,0.0,Low,1,1,1,6,1,1,No,1.0
Female,16,1.1,5,1,21.0,0.0,Low,1,1,1,7,1,1,No,0.0
Male,18,1.2,4,3,20.0,0.0,Low,1,1,1,8,1,1,No,10.0
Female,19,1.0,5,2,19.0,0.0,Low,1,1,1,6,1,1,No,9.0
Male,17,1.1,5,1,18.0,0.0,Low,1,1,1,7,1,1,No,8.0
Female,16,1.0,5,2,17.0,0.0,Low,1,1,1,6,1,1,No,7.0
Male,18,1.2,4,3,16.0,0.0,Low,1,1,1,8,1,1,No,6.0
Female,19,1.1,5,1,15.0,0.0,Low,1,1,1,5,1,1,No,5.0
Male,17,1.0,5,2,14.0,0.0,Low,1,1,1,6,1,1,No,4.0
Female,16,1.1,5,1,13.0,0.0,Low,1,1,1,7,1,1,No,3.0
Male,18,1.2,4,3,12.0,0.0,Low,1,1,1,8,1,1,No,2.0
Female,19,1.0,5,2,11.0,0.0,Low,1,1,1,6,1,1,No,1.0
Male,17,1.1,5,1,10.0,0.0,Low,1,1,1,7,1,1,No,0.0
Female,16,1.0,5,2,9.0,0.0,Low,1,1,1,6,1,1,No,2.0
Male,18,1.2,4,3,8.0,0.0,Low,1,1,1,8,1,1,No,1.0
Female,19,1.1,5,1,7.0,0.0,Low,1,1,1,5,1,1,No,0.0
Male,17,1.0,5,2,6.0,0.0,Low,1,1,1,6,1,1,No,3.0
Female,16,1.1,5,1,5.0,0.0,Low,1,1,1,7,1,1,No,2.0
Male,18,1.2,4,3,4.0,0.0,Low,1,1,1,8,1,1,No,1.0
Female,19,1.0,5,2,3.0,0.0,Low,1,1,1,6,1,1,No,0.0
Male,17,1.1,5,1,2.0,0.0,Low,1,1,1,7,1,1,No,1.0
Female,16,1.0,5,2,1.0,0.0,Low,1,1,1,6,1,1,No,0.0
Male,18,1.2,4,3,0.0,0.0,Low,1,1,1,8,1,1,No,0.0
Female,19,1.0,5,2,0.0,0.0,Low,1,1,1,6,1,1,No,0.0
Male,17,1.1,5,1,0.0,0.0,Low,1,1,1,7,1,1,No,0.0
Female,16,1.0,5,2,0.0,0.0,Low,1,1,1,6,1,1,No,0.0
Male,18,1.2,4,3,0.0,0.0,Low,1,1,1,8,1,1,No,0.0
Female,19,1.1,5,1,0.0,0.0,Low,1,1,1,5,1,1,No,0.0
Male,17,1.0,5,2,0.0,0.0,Low,1,1,1,6,1,1,No,0.0
Female,16,1.1,5,1,0.0,0.0,Low,1,1,1,7,1,1,No,0.0
Male,18,1.2,4,3,0.0,0.0,Low,1,1,1,8,1,1,No,0.0
Female,19,1.0,5,2,0.0,0.0,Low,1,1,1,6,1,1,No,0.0
Male,17,1.1,5,1,0.0,0.0,Low,1,1,1,7,1,1,No,0.0
Female,16,1.0,5,2,0.0,0.0,Low,1,1,1,6,1,1,No,0.0
Male,18,1.2,4,3,0.0,0.0,Low,1,1,1,8,1,1,No,0.0
Female,19,1.1,5,1,0.0,0.0,Low,1,1,1,5,1,1,No,0.0
Male,17,1.0,5,2,0.0,0.0,Low,1,1,1,6,1,1,No,0.0
Female,16,1.1,5,1,0.0,0.0,Low,1,1,1,7,1,1,No,0.0
Male,18,1.2,4,3,0.0,0.0,Low,1,1,1,8,1,1,No,0.0
Female,19,1.0,5,2,0.0,0.0,Low,1,1,1,6,1,1,No,0.0
Male,17,1.1,5,1,0.0,0.0,Low,1,1,1,7,1,1,No,0.0
Female,16,1.0,5,2,0.0,0.0,Low,1,1,1,6,1,1,No,0.0
Male,18,1.2,4,3,0.0,0.0,Low,1,1,1,8,1,1,No,0.0
Female,19,1.1,5,1,0.0,0.0,Low,1,1,1,5,1,1,No,0.0
Male,17,1.0,5,2,0.0,0.0,Low,1,1,1,6,1,1,No,0.0
Female,16,1.1,5,1,0.0,0.0,Low,1,1,1,7,1,1,No,0.0
Male,18,1.2,4,3,0.0,0.0,Low,1,1,1,8,1,1,No,0.0
Female,19,1.0,5,2,0.0,0.0,Low,1,1,1,6,1,1,No,0.0
Male,17,1.1,5,1,0.0,0.0,Low,1,1,1,7,1,1,No,0.0
Female,16,1.0,5,2,0.0,0.0,Low,1,1,1,6,1,1,No,0.0
Male,18,1.2,4,3,0.0,0.0,Low,1,1,1,8,1,1,No,0.0
Female,19,1.1,5,1,0.0,0.0,Low,1,1,1,5,1,1,No,0.0
Male,17,1.0,5,2,0.0,0.0,Low,1,1,1,6,1,1,No,0.0
Female,16,1.1,5,1,0.0,0.0,Low,1,1,1,7,1,1,No,0.0
Male,17,1.5,4,2,92.0,2.0,Low,2,2,2,8,4,4,No,39.0
Female,18,1.7,3,3,88.0,1.0,Medium,3,2,3,7,5,2,Yes,41.0
Male,16,2.0,2,4,95.0,0.0,High,1,1,2,6,1,5,No,42.0
Female,17,1.8,3,2,85.0,2.0,Low,2,2,1,7,2,3,No,36.0
Male,19,1.6,4,1,90.0,1.0,Medium,1,3,2,8,3,1,Yes,38.0
Female,18,1.9,2,3,93.0,2.0,High,2,1,3,7,4,2,No,40.0
Male,20,2.1,3,2,87.0,3.0,Low,3,2,2,6,2,4,No,43.0
Female,16,1.4,5,1,80.0,1.0,Medium,1,1,1,5,1,1,No,29.0
Male,17,1.3,4,2,78.0,0.0,Low,2,1,2,7,2,2,No,27.0
Female,18,1.2,5,3,82.0,2.0,Medium,1,2,1,6,3,3,No,31.0
Male,17,1.7,3,2,97.0,3.0,High,2,3,2,8,4,4,Yes,44.0
Female,19,1.5,4,1,99.0,2.0,Medium,1,1,1,7,5,5,No,40.0
Male,16,1.8,3,2,91.0,1.0,Low,2,2,2,6,2,1,No,37.0
Female,17,1.6,4,3,89.0,0.0,Medium,3,1,3,7,1,2,Yes,35.0
Male,18,1.9,2,1,94.0,2.0,High,1,2,1,8,3,3,No,42.0
Female,19,2.0,3,2,86.0,1.0,Low,2,3,2,6,2,4,No,39.0
Male,20,1.3,5,1,83.0,0.0,Medium,1,1,1,7,1,1,No,28.0
Female,16,1.5,4,2,81.0,2.0,High,2,2,2,5,2,2,No,32.0
Male,17,1.7,3,3,88.0,1.0,Low,3,1,3,6,3,3,Yes,34.0
Female,18,1.6,4,2,92.0,0.0,Medium,1,2,1,7,4,4,No,36.0
Male,19,1.8,2,1,96.0,2.0,High,2,3,2,8,5,5,No,41.0
Female,20,1.9,3,2,90.0,1.0,Low,3,2,3,6,2,1,Yes,38.0
Male,16,1.4,5,3,84.0,0.0,Medium,1,1,1,7,1,2,No,30.0
Female,17,1.5,4,1,79.0,2.0,High,2,2,2,5,2,3,No,29.0
Male,18,1.7,3,2,85.0,1.0,Low,3,1,3,6,3,4,Yes,33.0
Female,19,1.6,4,3,93.0,0.0,Medium,1,2,1,7,4,5,No,37.0
Male,20,1.8,2,1,98.0,2.0,High,2,3,2,8,5,1,No,40.0
Female,16,1.9,3,2,91.0,1.0,Low,3,2,3,6,2,2,Yes,39.0
Male,17,1.3,5,1,86.0,0.0,Medium,1,1,1,7,1,3,No,26.0
Female,18,1.5,4,2,82.0,2.0,High,2,2,2,5,2,4,No,31.0
Male,19,1.7,3,3,89.0,1.0,Low,3,1,3,6,3,5,Yes,35.0
Female,20,1.6,4,2,95.0,0.0,Medium,1,2,1,7,4,1,No,38.0
Male,16,1.8,2,1,97.0,2.0,High,2,3,2,8,5,2,No,42.0
Female,17,1.9,3,2,90.0,1.0,Low,3,2,3,6,2,3,Yes,40.0
Male,18,1.4,5,3,83.0,0.0,Medium,1,1,1,7,1,4,No,29.0
Female,19,1.5,4,1,80.0,2.0,High,2,2,2,5,2,5,No,28.0
Male,20,1.7,3,2,87.0,1.0,Low,3,1,3,6,3,1,Yes,32.0
Female,16,1.6,4,3,94.0,0.0,Medium,1,2,1,7,4,2,No,36.0
Male,17,1.8,2,1,99.0,2.0,High,2,3,2,8,5,3,No,41.0
Female,18,1.9,3,2,92.0,1.0,Low,3,2,3,6,2,4,Yes,39.0
Male,19,1.3,5,1,88.0,0.0,Medium,1,1,1,7,1,5,No,27.0
Female,20,1.5,4,2,84.0,2.0,High,2,2,2,5,2,1,No,30.0
Male,16,1.7,3,3,90.0,1.0,Low,3,1,3,6,3,2,Yes,34.0
Female,17,1.6,4,2,96.0,0.0,Medium,1,2,1,7,4,3,No,37.0
Male,18,1.8,2,1,93.0,2.0,High,2,3,2,8,5,4,No,40.0
Female,19,1.9,3,2,89.0,1.0,Low,3,2,3,6,2,5,Yes,38.0
Male,20,1.4,5,3,85.0,0.0,Medium,1,1,1,7,1,1,No,28.0
Female,16,1.5,4,1,81.0,2.0,High,2,2,2,5,2,2,No,29.0
Male,17,1.7,3,2,87.0,1.0,Low,3,1,3,6,3,3,Yes,33.0
Female,18,1.6,4,3,93.0,0.0,Medium,1,2,1,7,4,4,No,36.0
Male,19,1.8,2,1,98.0,2.0,High,2,3,2,8,5,5,No,41.0
Female,20,1.9,3,2,91.0,1.0,Low,3,2,3,6,2,1,Yes,39.0
Male,16,1.4,5,1,86.0,0.0,Medium,1,1,1,7,1,2,No,27.0
Female,17,1.5,4,2,82.0,2.0,High,2,2,2,5,2,3,No,31.0
Male,18,1.7,3,3,88.0,1.0,Low,3,1,3,6,3,4,Yes,35.0
Female,19,1.6,4,2,94.0,0.0,Medium,1,2,1,7,4,5,No,37.0
Male,20,1.8,2,1,99.0,2.0,High,2,3,2,8,5,1,No,42.0
Female,16,1.9,3,2,92.0,1.0,Low,3,2,3,6,2,2,Yes,40.0
Male,17,1.3,5,1,87.0,0.0,Medium,1,1,1,7,1,3,No,26.0
Female,18,1.5,4,2,83.0,2.0,High,2,2,2,5,2,4,No,30.0
Male,19,1.7,3,3,89.0,1.0,Low,3,1,3,6,3,5,Yes,34.0
Female,20,1.6,4,2,95.0,0.0,Medium,1,2,1,7,4,1,No,38.0
Male,16,1.8,2,1,97.0,2.0,High,2,3,2,8,5,2,No,41.0
Female,17,1.9,3,2,90.0,1.0,Low,3,2,3,6,2,3,Yes,39.0
Male,18,1.4,5,3,84.0,0.0,Medium,1,1,1,7,1,4,No,29.0
Female,19,1.5,4,1,80.0,2.0,High,2,2,2,5,2,5,No,28.0
Male,20,1.7,3,2,87.0,1.0,Low,3,1,3,6,3,1,Yes,32.0
Female,16,1.6,4,3,94.0,0.0,Medium,1,2,1,7,4,2,No,36.0
Male,17,1.8,2,1,99.0,2.0,High,2,3,2,8,5,3,No,41.0
Female,18,1.9,3,2,92.0,1.0,Low,3,2,3,6,2,4,Yes,39.0
Male,19,1.3,5,1,88.0,0.0,Medium,1,1,1,7,1,5,No,27.0
Female,20,1.5,4,2,84.0,2.0,High,2,2,2,5,2,1,No,30.0
Male,16,1.7,3,3,90.0,1.0,Low,3,1,3,6,3,2,Yes,34.0
Female,17,1.6,4,2,96.0,0.0,Medium,1,2,1,7,4,3,No,37.0
Male,18,1.8,2,1,93.0,2.0,High,2,3,2,8,5,4,No,40.0
Female,19,1.9,3,2,89.0,1.0,Low,3,2,3,6,2,5,Yes,38.0
Male,20,1.4,5,3,85.0,0.0,Medium,1,1,1,7,1,1,No,28.0
Female,16,1.5,4,1,81.0,2.0,High,2,2,2,5,2,2,No,29.0
Male,17,1.7,3,2,87.0,1.0,Low,3,1,3,6,3,3,Yes,33.0
Female,18,1.6,4,3,93.0,0.0,Medium,1,2,1,7,4,4,No,36.0
Male,19,1.8,2,1,98.0,2.0,High,2,3,2,8,5,5,No,41.0
Female,20,1.9,3,2,91.0,1.0,Low,3,2,3,6,2,1,Yes,39.0
Male,16,1.4,5,1,86.0,0.0,Medium,1,1,1,7,1,2,No,27.0
Female,17,1.5,4,2,82.0,2.0,High,2,2,2,5,2,3,No,31.0
Male,18,1.7,3,3,88.0,1.0,Low,3,1,3,6,3,4,Yes,35.0
Female,19,1.6,4,2,94.0,0.0,Medium,1,2,1,7,4,5,No,37.0
Male,20,1.8,2,1,99.0,2.0,High,2,3,2,8,5,1,No,42.0
Female,16,1.9,3,2,92.0,1.0,Low,3,2,3,6,2,2,Yes,40.0
Male,17,1.3,5,1,87.0,0.0,Medium,1,1,1,7,1,3,No,26.0
Female,18,1.5,4,2,83.0,2.0,High,2,2,2,5,2,4,No,30.0
Male,19,1.7,3,3,89.0,1.0,Low,3,1,3,6,3,5,Yes,34.0
Female,20,1.6,4,2,95.0,0.0,Medium,1,2,1,7,4,1,No,38.0
Male,16,1.8,2,1,97.0,2.0,High,2,3,2,8,5,2,No,41.0
Female,17,1.9,3,2,90.0,1.0,Low,3,2,3,6,2,3,Yes,39.0
Male,18,1.4,5,3,84.0,0.0,Medium,1,1,1,7,1,4,No,29.0
Female,19,1.5,4,1,80.0,2.0,High,2,2,2,5,2,5,No,28.0
Male,20,1.7,3,2,87.0,1.0,Low,3,1,3,6,3,1,Yes,32.0
Female,16,1.6,4,3,94.0,0.0,Medium,1,2,1,7,4,2,No,36.0
Male,17,1.8,2,1,99.0,2.0,High,2,3,2,8,5,3,No,41.0
Female,18,1.9,3,2,92.0,1.0,Low,3,2,3,6,2,4,Yes,39.0
Male,19,1.3,5,1,88.0,0.0,Medium,1,1,1,7,1,5,No,27.0
Female,20,1.5,4,2,84.0,2.0,High,2,2,2,5,2,1,No,30.0
Male,16,1.7,3,3,90.0,1.0,Low,3,1,3,6,3,2,Yes,34.0
Female,17,1.6,4,2,96.0,0.0,Medium,1,2,1,7,4,3,No,37.0
Male,18,1.8,2,1,93.0,2.0,High,2,3,2,8,5,4,No,40.0
Female,19,1.9,3,2,89.0,1.0,Low,3,2,3,6,2,5,Yes,38.0
Male,20,1.4,5,3,85.0,0.0,Medium,1,1,1,7,1,1,No,28.0
Female,16,1.5,4,1,81.0,2.0,High,2,2,2,5,2,2,No,29.0
Male,17,1.7,3,2,87.0,1.0,Low,3,1,3,6,3,3,Yes,33.0
Female,18,1.6,4,3,93.0,0.0,Medium,1,2,1,7,4,4,No,36.0
Male,19,1.8,2,1,98.0,2.0,High,2,3,2,8,5,5,No,41.0
Female,20,1.9,3,2,91.0,1.0,Low,3,2,3,6,2,1,Yes,39.0
Male,16,1.4,5,1,86.0,0.0,Medium,1,1,1,7,1,2,No,27.0
Female,17,1.5,4,2,82.0,2.0,High,2,2,2,5,2,3,No,31.0
Male,18,1.7,3,3,88.0,1.0,Low,3,1,3,6,3,4,Yes,35.0
Female,19,1.6,4,2,94.0,0.0,Medium,1,2,1,7,4,5,No,37.0
Male,20,1.8,2,1,99.0,2.0,High,2,3,2,8,5,1,No,42.0
Female,16,1.9,3,2,92.0,1.0,Low,3,2,3,6,2,2,Yes,40.0
Male,17,1.3,5,1,87.0,0.0,Medium,1,1,1,7,1,3,No,26.0
Female,18,1.5,4,2,83.0,2.0,High,2,2,2,5,2,4,No,30.0
Male,19,1.7,3,3,89.0,1.0,Low,3,1,3,6,3,5,Yes,34.0
Female,20,1.6,4,2,95.0,0.0,Medium,1,2,1,7,4,1,No,38.0
Male,16,1.8,2,1,97.0,2.0,High,2,3,2,8,5,2,No,41.0
Female,17,1.9,3,2,90.0,1.0,Low,3,2,3,6,2,3,Yes,39.0
Male,18,1.4,5,3,84.0,0.0,Medium,1,1,1,7,1,4,No,29.0
Female,19,1.5,4,1,80.0,2.0,High,2,2,2,5,2,5,No,28.0
Male,20,1.7,3,2,87.0,1.0,Low,3,1,3,6,3,1,Yes,32.0
Female,16,1.6,4,3,94.0,0.0,Medium,1,2,1,7,4,2,No,36.0
Male,17,1.8,2,1,99.0,2.0,High,2,3,2,8,5,3,No,41.0
Female,18,1.9,3,2,92.0,1.0,Low,3,2,3,6,2,4,Yes,39.0
Male,19,1.3,5,1,88.0,0.0,Medium,1,1,1,7,1,5,No,27.0
Female,20,1.5,4,2,84.0,2.0,High,2,2,2,5,2,1,No,30.0
Male,16,1.7,3,3,90.0,1.0,Low,3,1,3,6,3,2,Yes,34.0
Female,17,1.6,4,2,96.0,0.0,Medium,1,2,1,7,4,3,No,37.0
Male,18,1.8,2,1,93.0,2.0,High,2,3,2,8,5,4,No,40.0
Female,19,1.9,3,2,89.0,1.0,Low,3,2,3,6,2,5,Yes,38.0
Male,20,1.4,5,3,85.0,0.0,Medium,1,1,1,7,1,1,No,28.0
Female,16,1.5,4,1,81.0,2.0,High,2,2,2,5,2,2,No,29.0
Male,17,1.7,3,2,87.0,1.0,Low,3,1,3,6,3,3,Yes,33.0
Female,18,1.6,4,3,93.0,0.0,Medium,1,2,1,7,4,4,No,36.0
Male,19,1.8,2,1,98.0,2.0,High,2,3,2,8,5,5,No,41.0
Female,20,1.9,3,2,91.0,1.0,Low,3,2,3,6,2,1,Yes,39.0
Male,16,1.4,5,1,86.0,0.0,Medium,1,1,1,7,1,2,No,27.0
Female,17,1.5,4,2,82.0,2.0,High,2,2,2,5,2,3,No,31.0
Male,18,1.7,3,3,88.0,1.0,Low,3,1,3,6,3,4,Yes,35.0
Female,19,1.6,4,2,94.0,0.0,Medium,1,2,1,7,4,5,No,37.0
Male,20,1.8,2,1,99.0,2.0,High,2,3,2,8,5,1,No,42.0
Female,16,1.9,3,2,92.0,1.0,Low,3,2,3,6,2,2,Yes,40.0
Male,17,3.2,0,10,98.0,4.0,High,5,5,5,8,5,5,Yes,65.0
Female,18,3.5,1,12,92.0,3.5,Medium,4,4,4,7,4,4,Yes,68.0
Male,16,3.0,1,8,85.0,3.0,Medium,3,3,3,6,3,3,No,62.0
Female,17,2.8,2,7,78.0,2.5,Low,3,2,3,7,2,2,No,59.0
Male,19,3.6,0,15,99.0,4.0,High,5,5,5,9,5,5,Yes,72.0
Female,18,3.1,1,11,95.0,3.5,Medium,4,4,4,8,4,4,Yes,66.0
Male,20,2.9,2,9,88.0,3.0,Medium,3,3,3,7,3,3,No,61.0
Female,16,3.3,0,13,97.0,4.0,High,5,5,5,8,5,5,Yes,70.0
Male,17,2.7,2,6,80.0,2.5,Low,2,2,2,6,2,2,No,55.0
Female,18,3.4,1,14,96.0,3.5,Medium,4,4,4,7,4,4,Yes,69.0
Male,19,3.0,1,10,90.0,3.0,Medium,3,3,3,8,3,3,No,63.0
Female,20,2.8,2,8,83.0,2.5,Low,3,2,3,7,2,2,No,58.0
Male,16,3.5,0,12,94.0,4.0,High,5,5,5,9,5,5,Yes,71.0
Female,17,3.1,1,11,91.0,3.5,Medium,4,4,4,8,4,4,Yes,67.0
Male,18,2.9,2,7,86.0,3.0,Medium,3,3,3,7,3,3,No,60.0
Female,19,3.2,1,13,98.0,4.0,High,5,5,5,8,5,5,Yes,73.0
Male,20,2.7,2,6,81.0,2.5,Low,2,2,2,6,2,2,No,56.0
Female,16,3.3,0,14,99.0,4.0,High,5,5,5,9,5,5,Yes,74.0
Male,17,3.0,1,9,87.0,3.0,Medium,3,3,3,7,3,3,No,64.0
Female,18,2.8,2,8,82.0,2.5,Low,3,2,3,7,2,2,No,57.0
Male,19,3.4,0,13,95.0,4.0,High,5,5,5,8,5,5,Yes,69.0
Female,20,3.1,1,12,93.0,3.5,Medium,4,4,4,8,4,4,Yes,68.0
Male,16,2.9,2,7,84.0,3.0,Medium,3,3,3,7,3,3,No,59.0
Female,17,3.5,0,15,100.0,4.0,High,5,5,5,9,5,5,Yes,75.0
Male,18,3.2,1,11,92.0,3.5,Medium,4,4,4,8,4,4,Yes,67.0
Female,19,2.7,2,6,79.0,2.5,Low,2,2,2,6,2,2,No,54.0
Male,20,3.3,0,14,98.0,4.0,High,5,5,5,9,5,5,Yes,73.0
Female,16,3.0,1,10,89.0,3.0,Medium,3,3,3,7,3,3,No,65.0
Male,17,2.8,2,8,83.0,2.5,Low,3,2,3,7,2,2,No,58.0
Female,18,3.4,0,13,97.0,4.0,High,5,5,5,8,5,5,Yes,72.0
Male,19,3.1,1,12,94.0,3.5,Medium,4,4,4,8,4,4,Yes,69.0
Female,20,2.9,2,9,86.0,3.0,Medium,3,3,3,7,3,3,No,62.0
Male,16,3.5,0,15,100.0,4.0,High,5,5,5,9,5,5,Yes,76.0
Female,17,3.2,1,11,93.0,3.5,Medium,4,4,4,8,4,4,Yes,68.0
Male,18,2.7,2,7,80.0,2.5,Low,2,2,2,6,2,2,No,55.0
Female,19,3.3,0,14,99.0,4.0,High,5,5,5,9,5,5,Yes,74.0
Male,20,3.0,1,10,88.0,3.0,Medium,3,3,3,7,3,3,No,66.0
Female,16,2.8,2,8,81.0,2.5,Low,3,2,3,7,2,2,No,56.0
Male,17,3.4,0,13,96.0,4.0,High,5,5,5,8,5,5,Yes,71.0
Female,18,3.1,1,12,95.0,3.5,Medium,4,4,4,8,4,4,Yes,67.0
Male,19,2.9,2,9,85.0,3.0,Medium,3,3,3,7,3,3,No,61.0
Female,20,3.5,0,15,100.0,4.0,High,5,5,5,9,5,5,Yes,77.0
Male,16,3.2,1,11,91.0,3.5,Medium,4,4,4,8,4,4,Yes,66.0
Female,17,2.7,2,6,78.0,2.5,Low,2,2,2,6,2,2,No,53.0
Male,18,3.3,0,14,98.0,4.0,High,5,5,5,9,5,5,Yes,74.0
Female,19,3.0,1,10,89.0,3.0,Medium,3,3,3,7,3,3,No,65.0
Male,20,2.8,2,8,82.0,2.5,Low,3,2,3,7,2,2,No,57.0
Female,16,3.4,0,13,97.0,4.0,High,5,5,5,8,5,5,Yes,73.0
Male,17,3.1,1,12,94.0,3.5,Medium,4,4,4,8,4,4,Yes,69.0
Female,18,2.9,2,9,87.0,3.0,Medium,3,3,3,7,3,3,No,62.0
Male,19,3.5,0,15,100.0,4.0,High,5,5,5,9,5,5,Yes,78.0
Female,20,3.2,1,11,92.0,3.5,Medium,4,4,4,8,4,4,Yes,67.0
Male,16,2.7,2,7,79.0,2.5,Low,2,2,2,6,2,2,No,54.0
Female,17,3.3,0,14,99.0,4.0,High,5,5,5,9,5,5,Yes,75.0
Male,18,3.0,1,10,90.0,3.0,Medium,3,3,3,8,3,3,No,64.0
Female,19,2.8,2,8,83.0,2.5,Low,3,2,3,7,2,2,No,58.0
Male,20,3.4,0,13,96.0,4.0,High,5,5,5,8,5,5,Yes,72.0
Female,16,3.1,1,12,95.0,3.5,Medium,4,4,4,8,4,4,Yes,68.0
Male,17,2.9,2,9,86.0,3.0,Medium,3,3,3,7,3,3,No,61.0
Female,18,3.5,0,15,100.0,4.0,High,5,5,5,9,5,5,Yes,79.0
Male,19,3.2,1,11,93.0,3.5,Medium,4,4,4,8,4,4,Yes,68.0
Female,20,2.7,2,6,80.0,2.5,Low,2,2,2,6,2,2,No,55.0
Male,16,3.3,0,14,98.0,4.0,High,5,5,5,9,5,5,Yes,76.0
Female,17,3.0,1,10,88.0,3.0,Medium,3,3,3,7,3,3,No,66.0
Male,18,2.8,2,8,81.0,2.5,Low,3,2,3,7,2,2,No,56.0
Female,19,3.4,0,13,97.0,4.0,High,5,5,5,8,5,5,Yes,74.0
Male,20,3.1,1,12,94.0,3.5,Medium,4,4,4,8,4,4,Yes,70.0
Female,16,2.9,2,9,85.0,3.0,Medium,3,3,3,7,3,3,No,63.0
Male,17,3.5,0,15,100.0,4.0,High,5,5,5,9,5,5,Yes,80.0
Female,18,3.2,1,11,91.0,3.5,Medium,4,4,4,8,4,4,Yes,69.0
Male,19,2.7,2,7,78.0,2.5,Low,2,2,2,6,2,2,No,53.0
Female,20,3.3,0,14,99.0,4.0,High,5,5,5,9,5,5,Yes,77.0
Male,16,3.0,1,10,89.0,3.0,Medium,3,3,3,7,3,3,No,67.0
Female,17,2.8,2,8,82.0,2.5,Low,3,2,3,7,2,2,No,57.0
Male,18,3.4,0,13,96.0,4.0,High,5,5,5,8,5,5,Yes,73.0
Female,19,3.1,1,12,95.0,3.5,Medium,4,4,4,8,4,4,Yes,69.0
Male,20,2.9,2,9,87.0,3.0,Medium,3,3,3,7,3,3,No,62.0
Female,16,3.5,0,15,100.0,4.0,High,5,5,5,9,5,5,Yes,81.0
Male,17,3.2,1,11,92.0,3.5,Medium,4,4,4,8,4,4,Yes,70.0
Female,18,2.7,2,6,79.0,2.5,Low,2,2,2,6,2,2,No,54.0
Male,19,3.3,0,14,98.0,4.0,High,5,5,5,9,5,5,Yes,78.0
Female,20,3.0,1,10,90.0,3.0,Medium,3,3,3,8,3,3,No,68.0
Male,16,2.8,2,8,83.0,2.5,Low,3,2,3,7,2,2,No,58.0
Female,17,3.4,0,13,97.0,4.0,High,5,5,5,8,5,5,Yes,75.0
Male,18,3.1,1,12,94.0,3.5,Medium,4,4,4,8,4,4,Yes,71.0
Female,19,2.9,2,9,86.0,3.0,Medium,3,3,3,7,3,3,No,64.0
Male,20,3.5,0,15,100.0,4.0,High,5,5,5,9,5,5,Yes,82.0
Female,16,3.2,1,11,93.0,3.5,Medium,4,4,4,8,4,4,Yes,71.0
Male,17,2.7,2,7,80.0,2.5,Low,2,2,2,6,2,2,No,56.0
Female,18,3.3,0,14,99.0,4.0,High,5,5,5,9,5,5,Yes,79.0
Male,19,3.0,1,10,88.0,3.0,Medium,3,3,3,7,3,3,No,69.0
Female,20,2.8,2,8,81.0,2.5,Low,3,2,3,7,2,2,No,59.0
Male,16,3.4,0,13,96.0,4.0,High,5,5,5,8,5,5,Yes,74.0
Female,17,3.1,1,12,95.0,3.5,Medium,4,4,4,8,4,4,Yes,70.0
Male,18,2.9,2,9,85.0,3.0,Medium,3,3,3,7,3,3,No,63.0
Female,19,3.5,0,15,100.0,4.0,High,5,5,5,9,5,5,Yes,83.0
Male,20,3.2,1,11,91.0,3.5,Medium,4,4,4,8,4,4,Yes,72.0
Female,16,2.7,2,6,78.0,2.5,Low,2,2,2,6,2,2,No,55.0
Male,17,3.3,0,14,98.0,4.0,High,5,5,5,9,5,5,Yes,80.0
Female,18,3.0,1,10,89.0,3.0,Medium,3,3,3,7,3,3,No,67.0
Male,19,2.8,2,8,82.0,2.5,Low,3,2,3,7,2,2,No,60.0
Female,20,3.4,0,13,97.0,4.0,High,5,5,5,8,5,5,Yes,76.0
Male,16,3.1,1,12,94.0,3.5,Medium,4,4,4,8,4,4,Yes,73.0
Female,17,2.9,2,9,87.0,3.0,Medium,3,3,3,7,3,3,No,66.0
Male,18,3.5,0,15,100.0,4.0,High,5,5,5,9,5,5,Yes,84.0
Female,19,3.2,1,11,92.0,3.5,Medium,4,4,4,8,4,4,Yes,73.0
Male,20,2.7,2,7,79.0,2.5,Low,2,2,2,6,2,2,No,57.0
Female,16,3.3,0,14,99.0,4.0,High,5,5,5,9,5,5,Yes,81.0
Male,17,3.0,1,10,90.0,3.0,Medium,3,3,3,8,3,3,No,70.0
Female,18,2.8,2,8,83.0,2.5,Low,3,2,3,7,2,2,No,61.0
Male,19,3.4,0,13,96.0,4.0,High,5,5,5,8,5,5,Yes,77.0
Female,20,3.1,1,12,95.0,3.5,Medium,4,4,4,8,4,4,Yes,74.0
Male,16,2.9,2,9,86.0,3.0,Medium,3,3,3,7,3,3,No,65.0
Female,17,3.5,0,15,100.0,4.0,High,5,5,5,9,5,5,Yes,85.0
Male,18,3.2,1,11,93.0,3.5,Medium,4,4,4,8,4,4,Yes,74.0
Female,19,2.7,2,6,80.0,2.5,Low,2,2,2,6,2,2,No,56.0
Male,20,3.3,0,14,98.0,4.0,High,5,5,5,9,5,5,Yes,82.0
Female,16,3.0,1,10,88.0,3.0,Medium,3,3,3,7,3,3,No,71.0
Male,17,2.8,2,8,81.0,2.5,Low,3,2,3,7,2,2,No,62.0
Female,18,3.4,0,13,97.0,4.0,High,5,5,5,8,5,5,Yes,78.0
Male,19,3.1,1,12,94.0,3.5,Medium,4,4,4,8,4,4,Yes,75.0
Female,20,2.9,2,9,87.0,3.0,Medium,3,3,3,7,3,3,No,68.0
Male,16,3.5,0,15,100.0,4.0,High,5,5,5,9,5,5,Yes,86.0
Female,17,3.2,1,11,91.0,3.5,Medium,4,4,4,8,4,4,Yes,75.0
Male,18,2.7,2,7,78.0,2.5,Low,2,2,2,6,2,2,No,58.0
Female,19,3.3,0,14,99.0,4.0,High,5,5,5,9,5,5,Yes,83.0
Male,20,3.0,1,10,89.0,3.0,Medium,3,3,3,7,3,3,No,72.0
Female,16,2.8,2,8,82.0,2.5,Low,3,2,3,7,2,2,No,63.0
Male,17,3.4,0,13,96.0,4.0,High,5,5,5,8,5,5,Yes,79.0
Female,18,3.1,1,12,95.0,3.5,Medium,4,4,4,8,4,4,Yes,76.0
Male,19,2.9,2,9,85.0,3.0,Medium,3,3,3,7,3,3,No,67.0
Female,20,3.5,0,15,100.0,4.0,High,5,5,5,9,5,5,Yes,87.0
Male,16,3.2,1,11,92.0,3.5,Medium,4,4,4,8,4,4,Yes,76.0
Female,17,2.7,2,6,79.0,2.5,Low,2,2,2,6,2,2,No,57.0
Male,18,3.3,0,14,98.0,4.0,High,5,5,5,9,5,5,Yes,84.0
Female,19,3.0,1,10,90.0,3.0,Medium,3,3,3,8,3,3,No,73.0
Male,20,2.8,2,8,81.0,2.5,Low,3,2,3,7,2,2,No,64.0
Female,16,3.4,0,13,97.0,4.0,High,5,5,5,8,5,5,Yes,80.0
Male,17,3.1,1,12,94.0,3.5,Medium,4,4,4,8,4,4,Yes,77.0
Female,18,2.9,2,9,86.0,3.0,Medium,3,3,3,7,3,3,No,69.0
Male,19,3.5,0,15,100.0,4.0,High,5,5,5,9,5,5,Yes,88.0
Female,20,3.2,1,11,93.0,3.5,Medium,4,4,4,8,4,4,Yes,77.0
Male,16,2.7,2,7,80.0,2.5,Low,2,2,2,6,2,2,No,59.0
Female,17,3.3,0,14,99.0,4.0,High,5,5,5,9,5,5,Yes,85.0
Male,18,3.0,1,10,88.0,3.0,Medium,3,3,3,7,3,3,No,74.0
Female,19,2.8,2,8,83.0,2.5,Low,3,2,3,7,2,2,No,65.0
Male,20,3.4,0,13,96.0,4.0,High,5,5,5,8,5,5,Yes,81.0
Female,16,3.1,1,12,95.0,3.5,Medium,4,4,4,8,4,4,Yes,78.0
Male,17,2.9,2,9,87.0,3.0,Medium,3,3,3,7,3,3,No,70.0
Female,18,3.5,0,15,100.0,4.0,High,5,5,5,9,5,5,Yes,89.0
Male,19,3.2,1,11,92.0,3.5,Medium,4,4,4,8,4,4,Yes,78.0
Female,20,2.7,2,6,78.0,2.5,Low,2,2,2,6,2,2,No,60.0
Male,16,3.3,0,14,98.0,4.0,High,5,5,5,9,5,5,Yes,86.0
Female,17,3.0,1,10,89.0,3.0,Medium,3,3,3,7,3,3,No,75.0
Male,18,2.8,2,8,82.0,2.5,Low,3,2,3,7,2,2,No,66.0
Female,19,3.4,0,13,97.0,4.0,High,5,5,5,8,5,5,Yes,82.0
Male,20,3.1,1,12,94.0,3.5,Medium,4,4,4,8,4,4,Yes,79.0
Female,16,2.9,2,9,85.0,3.0,Medium,3,3,3,7,3,3,No,71.0
Male,17,3.5,0,15,100.0,4.0,High,5,5,5,9,5,5,Yes,90.0
Female,18,3.2,1,11,91.0,3.5,Medium,4,4,4,8,4,4,Yes,79.0
Male,19,2.7,2,7,79.0,2.5,Low,2,2,2,6,2,2,No,61.0
Female,20,3.3,0,14,99.0,4.0,High,5,5,5,9,5,5,Yes,87.0
Male,16,3.0,1,10,90.0,3.0,Medium,3,3,3,8,3,3,No,76.0
Female,17,2.8,2,8,81.0,2.5,Low,3,2,3,7,2,2,No,67.0
Male,18,3.4,0,13,96.0,4.0,High,5,5,5,8,5,5,Yes,83.0
Female,19,3.1,1,12,95.0,3.5,Medium,4,4,4,8,4,4,Yes,80.0
Male,20,2.9,2,9,87.0,3.0,Medium,3,3,3,7,3,3,No,72.0
Female,16,3.5,0,15,100.0,4.0,High,5,5,5,9,5,5,Yes,91.0
Male,17,3.2,1,11,92.0,3.5,Medium,4,4,4,8,4,4,Yes,80.0
Female,18,2.7,2,6,78.0,2.5,Low,2,2,2,6,2,2,No,62.0
Male,19,3.3,0,14,98.0,4.0,High,5,5,5,9,5,5,Yes,88.0
Female,20,3.0,1,10,88.0,3.0,Medium,3,3,3,7,3,3,No,77.0
Female,17,3.9,0,18,99.0,4.0,High,5,5,5,9,5,5,Yes,98.0
Male,18,3.8,0,16,97.0,3.5,High,5,4,5,8,4,5,Yes,95.0
Female,16,3.7,0,15,98.0,4.0,High,5,5,5,9,5,4,Yes,96.0
Male,17,3.6,0,14,96.0,3.0,High,4,4,4,8,4,5,Yes,92.0
Female,19,3.9,0,17,99.0,4.0,High,5,5,5,9,5,5,Yes,99.0
Male,20,3.8,0,16,98.0,3.5,High,5,4,5,8,4,5,Yes,97.0
Female,17,3.7,0,15,97.0,4.0,High,5,5,5,9,5,4,Yes,95.0
Male,18,3.6,0,14,96.0,3.0,High,4,4,4,8,4,5,Yes,93.0
Female,16,3.9,0,18,99.0,4.0,High,5,5,5,9,5,5,Yes,98.0
Male,19,3.8,0,17,98.0,3.5,High,5,4,5,8,4,5,Yes,96.0
Female,20,3.7,0,16,97.0,4.0,High,5,5,5,9,5,4,Yes,97.0
Male,17,3.6,0,15,96.0,3.0,High,4,4,4,8,4,5,Yes,94.0
Female,18,3.9,0,18,99.0,4.0,High,5,5,5,9,5,5,Yes,99.0
Male,16,3.8,0,17,98.0,3.5,High,5,4,5,8,4,5,Yes,97.0
Female,19,3.7,0,16,97.0,4.0,High,5,5,5,9,5,4,Yes,96.0
Male,20,3.6,0,15,96.0,3.0,High,4,4,4,8,4,5,Yes,92.0
Female,17,3.9,0,18,99.0,4.0,High,5,5,5,9,5,5,Yes,98.0
Male,18,3.8,0,16,97.0,3.5,High,5,4,5,8,4,5,Yes,95.0
Female,16,3.7,0,15,98.0,4.0,High,5,5,5,9,5,4,Yes,96.0
Male,19,3.6,0,14,96.0,3.0,High,4,4,4,8,4,5,Yes,93.0
Female,20,3.9,0,17,99.0,4.0,High,5,5,5,9,5,5,Yes,99.0
Male,17,3.8,0,16,98.0,3.5,High,5,4,5,8,4,5,Yes,97.0
Female,18,3.7,0,15,97.0,4.0,High,5,5,5,9,5,4,Yes,95.0
Male,16,3.6,0,14,96.0,3.0,High,4,4,4,8,4,5,Yes,92.0
Female,19,3.9,0,18,99.0,4.0,High,5,5,5,9,5,5,Yes,98.0
Male,20,3.8,0,17,98.0,3.5,High,5,4,5,8,4,5,Yes,96.0
Female,17,3.7,0,16,97.0,4.0,High,5,5,5,9,5,4,Yes,97.0
Male,18,3.6,0,15,96.0,3.0,High,4,4,4,8,4,5,Yes,94.0
Female,16,3.9,0,18,99.0,4.0,High,5,5,5,9,5,5,Yes,99.0
Male,19,3.8,0,17,98.0,3.5,High,5,4,5,8,4,5,Yes,97.0
Female,20,3.7,0,16,97.0,4.0,High,5,5,5,9,5,4,Yes,96.0
Male,17,3.6,0,15,96.0,3.0,High,4,4,4,8,4,5,Yes,93.0
Female,18,3.9,0,18,99.0,4.0,High,5,5,5,9,5,5,Yes,99.0
Male,16,3.8,0,17,98.0,3.5,High,5,4,5,8,4,5,Yes,97.0
Female,19,3.7,0,16,97.0,4.0,High,5,5,5,9,5,4,Yes,95.0
Male,20,3.6,0,15,96.0,3.0,High,4,4,4,8,4,5,Yes,92.0
Female,17,3.9,0,18,99.0,4.0,High,5,5,5,9,5,5,Yes,98.0
Male,18,3.8,0,16,97.0,3.5,High,5,4,5,8,4,5,Yes,95.0
Female,16,3.7,0,15,98.0,4.0,High,5,5,5,9,5,4,Yes,96.0
Male,19,3.6,0,14,96.0,3.0,High,4,4,4,8,4,5,Yes,93.0
Female,20,3.9,0,17,99.0,4.0,High,5,5,5,9,5,5,Yes,99.0
Male,17,3.8,0,16,98.0,3.5,High,5,4,5,8,4,5,Yes,97.0
Female,18,3.7,0,15,97.0,4.0,High,5,5,5,9,5,4,Yes,95.0
Male,16,3.6,0,14,96.0,3.0,High,4,4,4,8,4,5,Yes,92.0
Female,19,3.9,0,18,99.0,4.0,High,5,5,5,9,5,5,Yes,98.0
Male,20,3.8,0,17,98.0,3.5,High,5,4,5,8,4,5,Yes,96.0
Female,17,3.7,0,16,97.0,4.0,High,5,5,5,9,5,4,Yes,97.0
Male,18,3.6,0,15,96.0,3.0,High,4,4,4,8,4,5,Yes,94.0
Female,16,3.9,0,18,99.0,4.0,High,5,5,5,9,5,5,Yes,99.0
Male,19,3.8,0,17,98.0,3.5,High,5,4,5,8,4,5,Yes,97.0
Female,20,3.7,0,16,97.0,4.0,High,5,5,5,9,5,4,Yes,96.0
Male,17,3.6,0,15,96.0,3.0,High,4,4,4,8,4,5,Yes,93.0
Female,18,3.9,0,18,99.0,4.0,High,5,5,5,9,5,5,Yes,99.0
Male,16,3.8,0,17,98.0,3.5,High,5,4,5,8,4,5,Yes,97.0
Female,19,3.7,0,16,97.0,4.0,High,5,5,5,9,5,4,Yes,95.0
Male,20,3.6,0,15,96.0,3.0,High,4,4,4,8,4,5,Yes,92.0
Female,17,3.9,0,18,99.0,4.0,High,5,5,5,9,5,5,Yes,98.0
Male,18,3.8,0,16,97.0,3.5,High,5,4,5,8,4,5,Yes,95.0
Female,16,3.7,0,15,98.0,4.0,High,5,5,5,9,5,4,Yes,96.0
Male,19,3.6,0,14,96.0,3.0,High,4,4,4,8,4,5,Yes,93.0
Female,20,3.9,0,17,99.0,4.0,High,5,5,5,9,5,5,Yes,99.0
Male,17,3.8,0,16,98.0,3.5,High,5,4,5,8,4,5,Yes,97.0
Female,18,3.7,0,15,97.0,4.0,High,5,5,5,9,5,4,Yes,95.0
Male,16,3.6,0,14,96.0,3.0,High,4,4,4,8,4,5,Yes,92.0
Female,19,3.9,0,18,99.0,4.0,High,5,5,5,9,5,5,Yes,98.0
Male,20,3.8,0,17,98.0,3.5,High,5,4,5,8,4,5,Yes,96.0
Female,17,3.7,0,16,97.0,4.0,High,5,5,5,9,5,4,Yes,97.0
Male,18,3.6,0,15,96.0,3.0,High,4,4,4,8,4,5,Yes,94.0
Female,16,3.9,0,18,99.0,4.0,High,5,5,5,9,5,5,Yes,99.0
Male,19,3.8,0,17,98.0,3.5,High,5,4,5,8,4,5,Yes,97.0
Female,20,3.7,0,16,97.0,4.0,High,5,5,5,9,5,4,Yes,96.0
Male,17,3.6,0,15,96.0,3.0,High,4,4,4,8,4,5,Yes,93.0
Female,18,3.9,0,18,99.0,4.0,High,5,5,5,9,5,5,Yes,99.0
Male,16,3.8,0,17,98.0,3.5,High,5,4,5,8,4,5,Yes,97.0
Female,19,3.7,0,16,97.0,4.0,High,5,5,5,9,5,4,Yes,95.0
Male,20,3.6,0,15,96.0,3.0,High,4,4,4,8,4,5,Yes,92.0
Female,17,3.9,0,18,99.0,4.0,High,5,5,5,9,5,5,Yes,98.0
Male,18,3.8,0,16,97.0,3.5,High,5,4,5,8,4,5,Yes,95.0
Female,16,3.7,0,15,98.0,4.0,High,5,5,5,9,5,4,Yes,96.0
Male,19,3.6,0,14,96.0,3.0,High,4,4,4,8,4,5,Yes,93.0
Female,20,3.9,0,17,99.0,4.0,High,5,5,5,9,5,5,Yes,99.0
Male,17,3.8,0,16,98.0,3.5,High,5,4,5,8,4,5,Yes,97.0
Female,18,3.7,0,15,97.0,4.0,High,5,5,5,9,5,4,Yes,95.0
Male,16,3.6,0,14,96.0,3.0,High,4,4,4,8,4,5,Yes,92.0
Female,19,3.9,0,18,99.0,4.0,High,5,5,5,9,5,5,Yes,98.0
Male,20,3.8,0,17,98.0,3.5,High,5,4,5,8,4,5,Yes,96.0
Female,17,3.7,0,16,97.0,4.0,High,5,5,5,9,5,4,Yes,97.0
Male,18,3.6,0,15,96.0,3.0,High,4,4,4,8,4,5,Yes,94.0
Female,16,3.9,0,18,99.0,4.0,High,5,5,5,9,5,5,Yes,99.0
Male,19,3.8,0,17,98.0,3.5,High,5,4,5,8,4,5,Yes,97.0
Female,20,3.7,0,16,97.0,4.0,High,5,5,5,9,5,4,Yes,96.0
Male,17,3.6,0,15,96.0,3.0,High,4,4,4,8,4,5,Yes,93.0
Female,18,3.9,0,18,99.0,4.0,High,5,5,5,9,5,5,Yes,99.0
Male,16,3.8,0,17,98.0,3.5,High,5,4,5,8,4,5,Yes,97.0
Female,19,3.7,0,16,97.0,4.0,High,5,5,5,9,5,4,Yes,95.0
Male,20,3.6,0,15,96.0,3.0,High,4,4,4,8,4,5,Yes,92.0
Female,17,3.9,0,18,99.0,4.0,High,5,5,5,9,5,5,Yes,98.0
Male,18,3.8,0,16,97.0,3.5,High,5,4,5,8,4,5,Yes,95.0
Female,16,3.7,0,15,98.0,4.0,High,5,5,5,9,5,4,Yes,96.0
Male,19,3.6,0,14,96.0,3.0,High,4,4,4,8,4,5,Yes,93.0
Female,20,3.9,0,17,99.0,4.0,High,5,5,5,9,5,5,Yes,99.0
Male,17,3.8,0,16,98.0,3.5,High,5,4,5,8,4,5,Yes,97.0
Female,18,3.7,0,15,97.0,4.0,High,5,5,5,9,5,4,Yes,95.0
Male,16,3.6,0,14,96.0,3.0,High,4,4,4,8,4,5,Yes,92.0
Female,19,3.9,0,18,99.0,4.0,High,5,5,5,9,5,5,Yes,98.0
Male,20,3.8,0,17,98.0,3.5,High,5,4,5,8,4,5,Yes,96.0
Female,17,3.7,0,16,97.0,4.0,High,5,5,5,9,5,4,Yes,97.0
Male,18,3.6,0,15,96.0,3.0,High,4,4,4,8,4,5,Yes,94.0
Female,16,3.9,0,18,99.0,4.0,High,5,5,5,9,5,5,Yes,99.0
Male,19,3.8,0,17,98.0,3.5,High,5,4,5,8,4,5,Yes,97.0
Female,20,3.7,0,16,97.0,4.0,High,5,5,5,9,5,4,Yes,96.0
Male,17,3.6,0,15,96.0,3.0,High,4,4,4,8,4,5,Yes,93.0
Female,18,3.9,0,18,99.0,4.0,High,5,5,5,9,5,5,Yes,99.0
Male,16,3.8,0,17,98.0,3.5,High,5,4,5,8,4,5,Yes,97.0
Female,19,3.7,0,16,97.0,4.0,High,5,5,5,9,5,4,Yes,95.0
Male,20,3.6,0,15,96.0,3.0,High,4,4,4,8,4,5,Yes,92.0
Female,17,3.9,0,18,99.0,4.0,High,5,5,5,9,5,5,Yes,98.0
Male,18,3.8,0,16,97.0,3.5,High,5,4,5,8,4,5,Yes,95.0
Female,16,3.7,0,15,98.0,4.0,High,5,5,5,9,5,4,Yes,96.0
Male,19,3.6,0,14,96.0,3.0,High,4,4,4,8,4,5,Yes,93.0
Female,20,3.9,0,17,99.0,4.0,High,5,5,5,9,5,5,Yes,99.0
Male,17,3.8,0,16,98.0,3.5,High,5,4,5,8,4,5,Yes,97.0
Female,18,3.7,0,15,97.0,4.0,High,5,5,5,9,5,4,Yes,95.0
Male,16,3.6,0,14,96.0,3.0,High,4,4,4,8,4,5,Yes,92.0
Female,19,3.9,0,18,99.0,4.0,High,5,5,5,9,5,5,Yes,98.0
Male,20,3.8,0,17,98.0,3.5,High,5,4,5,8,4,5,Yes,96.0
Female,17,3.7,0,16,97.0,4.0,High,5,5,5,9,5,4,Yes,97.0
Male,18,3.6,0,15,96.0,3.0,High,4,4,4,8,4,5,Yes,94.0
Female,16,3.9,0,18,99.0,4.0,High,5,5,5,9,5,5,Yes,99.0
Male,19,3.8,0,17,98.0,3.5,High,5,4,5,8,4,5,Yes,97.0
Female,20,3.7,0,16,97.0,4.0,High,5,5,5,9,5,4,Yes,96.0
Male,17,3.6,0,15,96.0,3.0,High,4,4,4,8,4,5,Yes,93.0
Female,18,3.9,0,18,99.0,4.0,High,5,5,5,9,5,5,Yes,99.0
Male,16,3.8,0,17,98.0,3.5,High,5,4,5,8,4,5,Yes,97.0
Female,19,3.7,0,16,97.0,4.0,High,5,5,5,9,5,4,Yes,95.0
Male,20,3.6,0,15,96.0,3.0,High,4,4,4,8,4,5,Yes,92.0
Female,17,3.9,0,18,99.0,4.0,High,5,5,5,9,5,5,Yes,98.0
Male,18,3.8,0,16,97.0,3.5,High,5,4,5,8,4,5,Yes,95.0
Female,16,3.7,0,15,98.0,4.0,High,5,5,5,9,5,4,Yes,96.0
Male,19,3.6,0,14,96.0,3.0,High,4,4,4,8,4,5,Yes,93.0
Female,20,3.9,0,17,99.0,4.0,High,5,5,5,9,5,5,Yes,99.0
Male,17,3.8,0,16,98.0,3.5,High,5,4,5,8,4,5,Yes,97.0
Female,18,3.7,0,15,97.0,4.0,High,5,5,5,9,5,4,Yes,95.0
Male,16,3.6,0,14,96.0,3.0,High,4,4,4,8,4,5,Yes,92.0
Female,19,3.9,0,18,99.0,4.0,High,5,5,5,9,5,5,Yes,98.0
Male,20,3.8,0,17,98.0,3.5,High,5,4,5,8,4,5,Yes,96.0
Female,17,3.7,0,16,97.0,4.0,High,5,5,5,9,5,4,Yes,97.0
Male,18,3.6,0,15,96.0,3.0,High,4,4,4,8,4,5,Yes,94.0
Female,16,3.9,0,18,99.0,4.0,High,5,5,5,9,5,5,Yes,99.0
Male,19,3.8,0,17,98.0,3.5,High,5,4,5,8,4,5,Yes,97.0
Female,20,3.7,0,16,97.0,4.0,High,5,5,5,9,5,4,Yes,96.0
Male,17,3.6,0,15,96.0,3.0,High,4,4,4,8,4,5,Yes,93.0
Female,18,3.9,0,18,99.0,4.0,High,5,5,5,9,5,5,Yes,99.0
Male,16,3.8,0,17,98.0,3.5,High,5,4,5,8,4,5,Yes,97.0
Female,19,3.7,0,16,97.0,4.0,High,5,5,5,9,5,4,Yes,95.0
Male,20,3.6,0,15,96.0,3.0,High,4,4,4,8,4,5,Yes,92.0
Female,17,3.9,0,18,99.0,4.0,High,5,5,5,9,5,5,Yes,98.0
Male,18,3.8,0,16,97.0,3.5,High,5,4,5,8,4,5,Yes,95.0
Female,16,3.7,0,15,98.0,4.0,High,5,5,5,9,5,4,Yes,96.0
Male,19,3.6,0,14,96.0,3.0,High,4,4,4,8,4,5,Yes,93.0
Female,20,3.9,0,17,99.0,4.0,High,5,5,5,9,5,5,Yes,99.0
Male,17,3.8,0,16,98.0,3.5,High,5,4,5,8,4,5,Yes,97.0
Female,18,3.7,0,15,97.0,4.0,High,5,5,5,9,5,4,Yes,95.0
Male,16,3.6,0,14,96.0,3.0,High,4,4,4,8,4,5,Yes,92.0
Female,19,3.9,0,18,99.0,4.0,High,5,5,5,9,5,5,Yes,98.0
Male,20,3.8,0,17,98.0,3.5,High,5,4,5,8,4,5,Yes,96.0
Female,17,3.7,0,16,97.0,4.0,High,5,5,5,9,5,4,Yes,97.0
Male,18,3.6,0,15,96.0,3.0,High,4,4,4,8,4,5,Yes,94.0
Female,16,3.9,0,18,99.0,4.0,High,5,5,5,9,5,5,Yes,99.0
Male,19,3.8,0,17,98.0,3.5,High,5,4,5,8,4,5,Yes,97.0
Female,20,3.7,0,16,97.0,4.0,High,5,5,5,9,5,4,Yes,96.0
Male,17,3.6,0,15,96.0,3.0,High,4,4,4,8,4,5,Yes,93.0
Female,18,3.9,0,18,99.0,4.0,High,5,5,5,9,5,5,Yes,99.0
Male,16,3.8,0,17,98.0,3.5,High,5,4,5,8,4,5,Yes,97.0
Female,19,3.7,0,16,97.0,4.0,High,5,5,5,9,5,4,Yes,95.0
Male,20,3.6,0,15,96.0,3.0,High,4,4,4,8,4,5,Yes,92.0
Female,17,3.9,0,18,99.0,4.0,High,5,5,5,9,5,5,Yes,98.0
Male,18,3.8,0,16,97.0,3.5,High,5,4,5,8,4,5,Yes,95.0
Female,16,3.7,0,15,98.0,4.0,High,5,5,5,9,5,4,Yes,96.0
Male,19,3.6,0,14,96.0,3.0,High,4,4,4,8,4,5,Yes,93.0
Female,20,3.9,0,17,99.0,4.0,High,5,5,5,9,5,5,Yes,99.0
Male,17,3.8,0,16,98.0,3.5,High,5,4,5,8,4,5,Yes,97.0
Female,18,3.7,0,15,97.0,4.0,High,5,5,5,9,5,4,Yes,95.0
Male,16,3.6,0,14,96.0,3.0,High,4,4,4,8,4,5,Yes,92.0
Female,19,3.9,0,18,99.0,4.0,High,5,5,5,9,5,5,Yes,98.0
Male,20,3.8,0,17,98.0,3.5,High,5,4,5,8,4,5,Yes,96.0
Female,17,3.7,0,16,97.0,4.0,High,5,5,5,9,5,4,Yes,97.0
Male,18,3.6,0,15,96.0,3.0,High,4,4,4,8,4,5,Yes,94.0
Female,16,3.9,0,18,99.0,4.0,High,5,5,5,9,5,5,Yes,99.0
Male,19,3.8,0,17,98.0,3.5,High,5,4,5,8,4,5,Yes,97.0
Female,20,3.7,0,16,97.0,4.0,High,5,5,5,9,5,4,Yes,96.0
Male,17,3.6,0,15,96.0,3.0,High,4,4,4,8,4,5,Yes,93.0
Female,18,3.9,0,18,99.0,4.0,High,5,5,5,9,5,5,Yes,99.0
Male,16,3.8,0,17,98.0,3.5,High,5,4,5,8,4,5,Yes,97.0
Female,19,3.7,0,16,97.0,4.0,High,5,5,5,9,5,4,Yes,95.0
Male,20,3.6,0,15,96.0,3.0,High,4,4,4,8,4,5,Yes,92.0
Male,17,2.5,2,7,80.0,2.0,Medium,3,3,3,7,3,3,No,55.0
Female,18,2.7,1,8,85.0,2.5,Medium,4,3,3,8,2,4,Yes,58.0
Male,16,2.9,1,9,78.0,3.0,Medium,3,4,3,6,4,2,No,60.0
Female,19,2.6,2,6,82.0,2.0,Medium,2,3,2,7,3,3,No,53.0
Male,20,2.8,1,10,88.0,3.5,Medium,4,4,4,8,4,4,Yes,62.0
Female,17,2.5,2,7,81.0,2.0,Medium,3,3,3,7,3,3,No,56.0
Male,18,2.7,1,8,84.0,2.5,Medium,4,3,3,8,2,4,Yes,59.0
Female,16,2.9,1,9,79.0,3.0,Medium,3,4,3,6,4,2,No,61.0
Male,19,2.6,2,6,83.0,2.0,Medium,2,3,2,7,3,3,No,54.0
Female,20,2.8,1,10,87.0,3.5,Medium,4,4,4,8,4,4,Yes,63.0
Male,17,2.5,2,7,80.0,2.0,Medium,3,3,3,7,3,3,No,55.0
Female,18,2.7,1,8,85.0,2.5,Medium,4,3,3,8,2,4,Yes,58.0
Male,16,2.9,1,9,78.0,3.0,Medium,3,4,3,6,4,2,No,60.0
Female,19,2.6,2,6,82.0,2.0,Medium,2,3,2,7,3,3,No,53.0
Male,20,2.8,1,10,88.0,3.5,Medium,4,4,4,8,4,4,Yes,62.0
Female,17,2.5,2,7,81.0,2.0,Medium,3,3,3,7,3,3,No,56.0
Male,18,2.7,1,8,84.0,2.5,Medium,4,3,3,8,2,4,Yes,59.0
Female,16,2.9,1,9,79.0,3.0,Medium,3,4,3,6,4,2,No,61.0
Male,19,2.6,2,6,83.0,2.0,Medium,2,3,2,7,3,3,No,54.0
Female,20,2.8,1,10,87.0,3.5,Medium,4,4,4,8,4,4,Yes,63.0
Male,17,2.4,2,6,77.0,2.0,Medium,3,2,3,7,2,3,No,52.0
Female,18,2.6,1,7,83.0,2.5,Medium,4,3,2,8,3,4,Yes,57.0
Male,16,2.8,1,8,76.0,3.0,Medium,3,4,2,6,4,2,No,59.0
Female,19,2.5,2,5,81.0,2.0,Medium,2,3,2,7,2,3,No,51.0
Male,20,2.7,1,9,86.0,3.5,Medium,4,4,3,8,4,4,Yes,61.0
Female,17,2.4,2,6,78.0,2.0,Medium,3,2,3,7,2,3,No,53.0
Male,18,2.6,1,7,82.0,2.5,Medium,4,3,2,8,3,4,Yes,56.0
Female,16,2.8,1,8,77.0,3.0,Medium,3,4,2,6,4,2,No,60.0
Male,19,2.5,2,5,80.0,2.0,Medium,2,3,2,7,2,3,No,50.0
Female,20,2.7,1,9,85.0,3.5,Medium,4,4,3,8,4,4,Yes,62.0
Male,17,2.6,2,8,82.0,2.0,Medium,3,3,3,7,3,3,No,57.0
Female,18,2.8,1,9,87.0,2.5,Medium,4,3,3,8,2,4,Yes,60.0
Male,16,3.0,1,10,80.0,3.0,Medium,3,4,3,6,4,2,No,62.0
Female,19,2.7,2,7,84.0,2.0,Medium,2,3,2,7,3,3,No,55.0
Male,20,2.9,1,11,89.0,3.5,Medium,4,4,4,8,4,4,Yes,64.0
Female,17,2.6,2,8,83.0,2.0,Medium,3,3,3,7,3,3,No,58.0
Male,18,2.8,1,9,86.0,2.5,Medium,4,3,3,8,2,4,Yes,61.0
Female,16,3.0,1,10,81.0,3.0,Medium,3,4,3,6,4,2,No,63.0
Male,19,2.7,2,7,85.0,2.0,Medium,2,3,2,7,3,3,No,56.0
Female,20,2.9,1,11,88.0,3.5,Medium,4,4,4,8,4,4,Yes,65.0
Male,17,2.3,2,5,75.0,2.0,Medium,2,2,2,7,2,2,No,50.0
Female,18,2.5,1,6,80.0,2.5,Medium,3,3,2,8,3,3,Yes,54.0
Male,16,2.7,1,7,74.0,3.0,Medium,2,4,2,6,4,2,No,56.0
Female,19,2.4,2,4,79.0,2.0,Medium,1,3,1,7,2,2,No,49.0
Male,20,2.6,1,8,84.0,3.5,Medium,3,4,3,8,4,3,Yes,58.0
Female,17,2.3,2,5,76.0,2.0,Medium,2,2,2,7,2,2,No,51.0
Male,18,2.5,1,6,81.0,2.5,Medium,3,3,2,8,3,3,Yes,55.0
Female,16,2.7,1,7,75.0,3.0,Medium,2,4,2,6,4,2,No,57.0
Male,19,2.4,2,4,78.0,2.0,Medium,1,3,1,7,2,2,No,48.0
Female,20,2.6,1,8,83.0,3.5,Medium,3,4,3,8,4,3,Yes,59.0
Male,17,2.8,2,9,86.0,2.0,Medium,4,3,3,7,3,3,No,60.0
Female,18,3.0,1,10,91.0,2.5,Medium,5,4,4,8,4,4,Yes,65.0
Male,16,2.9,1,11,84.0,3.0,Medium,4,5,4,6,5,2,No,66.0
Female,19,2.8,2,8,89.0,2.0,Medium,3,4,3,7,4,3,No,61.0
Male,20,3.0,1,12,93.0,3.5,Medium,5,5,5,8,5,4,Yes,68.0
Female,17,2.8,2,9,87.0,2.0,Medium,4,3,3,7,3,3,No,61.0
Male,18,3.0,1,10,90.0,2.5,Medium,5,4,4,8,4,4,Yes,66.0
Female,16,2.9,1,11,85.0,3.0,Medium,4,5,4,6,5,2,No,67.0
Male,19,2.8,2,8,88.0,2.0,Medium,3,4,3,7,4,3,No,62.0
Female,20,3.0,1,12,92.0,3.5,Medium,5,5,5,8,5,4,Yes,69.0
Male,17,2.6,2,8,83.0,2.0,Medium,3,3,3,7,3,3,No,58.0
Female,18,2.8,1,9,88.0,2.5,Medium,4,3,3,8,2,4,Yes,61.0
Male,16,3.0,1,10,82.0,3.0,Medium,3,4,3,6,4,2,No,64.0
Female,19,2.7,2,7,87.0,2.0,Medium,2,3,2,7,3,3,No,57.0
Male,20,2.9,1,11,91.0,3.5,Medium,4,4,4,8,4,4,Yes,67.0
Female,17,2.6,2,8,84.0,2.0,Medium,3,3,3,7,3,3,No,59.0
Male,18,2.8,1,9,89.0,2.5,Medium,4,3,3,8,2,4,Yes,62.0
Female,16,3.0,1,10,83.0,3.0,Medium,3,4,3,6,4,2,No,65.0
Male,19,2.7,2,7,86.0,2.0,Medium,2,3,2,7,3,3,No,58.0
Female,20,2.9,1,11,90.0,3.5,Medium,4,4,4,8,4,4,Yes,68.0
Male,17,2.4,2,6,79.0,2.0,Medium,3,2,3,7,2,3,No,54.0
Female,18,2.6,1,7,84.0,2.5,Medium,4,3,2,8,3,4,Yes,57.0
Male,16,2.8,1,8,78.0,3.0,Medium,3,4,2,6,4,2,No,59.0
Female,19,2.5,2,5,83.0,2.0,Medium,2,3,2,7,2,3,No,52.0
Male,20,2.7,1,9,87.0,3.5,Medium,4,4,3,8,4,4,Yes,61.0
Female,17,2.4,2,6,80.0,2.0,Medium,3,2,3,7,2,3,No,55.0
Male,18,2.6,1,7,85.0,2.5,Medium,4,3,2,8,3,4,Yes,58.0
Female,16,2.8,1,8,79.0,3.0,Medium,3,4,2,6,4,2,No,61.0
Male,19,2.5,2,5,82.0,2.0,Medium,2,3,2,7,2,3,No,53.0
Female,20,2.7,1,9,86.0,3.5,Medium,4,4,3,8,4,4,Yes,62.0
Male,17,2.5,2,7,81.0,2.0,Medium,3,3,3,7,3,3,No,56.0
Female,18,2.7,1,8,86.0,2.5,Medium,4,3,3,8,2,4,Yes,59.0
Male,16,2.9,1,9,80.0,3.0,Medium,3,4,3,6,4,2,No,62.0
Female,19,2.6,2,6,85.0,2.0,Medium,2,3,2,7,3,3,No,55.0
Male,20,2.8,1,10,89.0,3.5,Medium,4,4,4,8,4,4,Yes,64.0
Female,17,2.5,2,7,82.0,2.0,Medium,3,3,3,7,3,3,No,57.0
Male,18,2.7,1,8,87.0,2.5,Medium,4,3,3,8,2,4,Yes,60.0
Female,16,2.9,1,9,81.0,3.0,Medium,3,4,3,6,4,2,No,63.0
Male,19,2.6,2,6,86.0,2.0,Medium,2,3,2,7,3,3,No,56.0
Female,20,2.8,1,10,88.0,3.5,Medium,4,4,4,8,4,4,Yes,65.0
Male,17,2.3,2,5,78.0,2.0,Medium,2,2,2,7,2,2,No,52.0
Female,18,2.5,1,6,83.0,2.5,Medium,3,3,2,8,3,3,Yes,56.0
Male,16,2.7,1,7,77.0,3.0,Medium,2,4,2,6,4,2,No,58.0
Female,19,2.4,2,4,82.0,2.0,Medium,1,3,1,7,2,2,No,51.0
Male,20,2.6,1,8,87.0,3.5,Medium,3,4,3,8,4,3,Yes,60.0
Female,17,2.3,2,5,79.0,2.0,Medium,2,2,2,7,2,2,No,53.0
Male,18,2.5,1,6,84.0,2.5,Medium,3,3,2,8,3,3,Yes,57.0
Female,16,2.7,1,7,78.0,3.0,Medium,2,4,2,6,4,2,No,59.0
Male,19,2.4,2,4,81.0,2.0,Medium,1,3,1,7,2,2,No,50.0
Female,20,2.6,1,8,86.0,3.5,Medium,3,4,3,8,4,3,Yes,61.0
Male,17,2.8,2,9,85.0,2.0,Medium,4,3,3,7,3,3,No,59.0
Female,18,3.0,1,10,90.0,2.5,Medium,5,4,4,8,4,4,Yes,64.0
Male,16,2.9,1,11,83.0,3.0,Medium,4,5,4,6,5,2,No,65.0
Female,19,2.8,2,8,88.0,2.0,Medium,3,4,3,7,4,3,No,60.0
Male,20,3.0,1,12,92.0,3.5,Medium,5,5,5,8,5,4,Yes,67.0
Female,17,2.8,2,9,86.0,2.0,Medium,4,3,3,7,3,3,No,60.0
Male,18,3.0,1,10,89.0,2.5,Medium,5,4,4,8,4,4,Yes,65.0
Female,16,2.9,1,11,84.0,3.0,Medium,4,5,4,6,5,2,No,66.0
Male,19,2.8,2,8,87.0,2.0,Medium,3,4,3,7,4,3,No,61.0
Female,20,3.0,1,12,91.0,3.5,Medium,5,5,5,8,5,4,Yes,68.0
Male,17,2.6,2,8,82.0,2.0,Medium,3,3,3,7,3,3,No,57.0
Female,18,2.8,1,9,87.0,2.5,Medium,4,3,3,8,2,4,Yes,60.0
Male,16,3.0,1,10,81.0,3.0,Medium,3,4,3,6,4,2,No,63.0
Female,19,2.7,2,7,86.0,2.0,Medium,2,3,2,7,3,3,No,56.0
Male,20,2.9,1,11,90.0,3.5,Medium,4,4,4,8,4,4,Yes,66.0
Female,17,2.6,2,8,83.0,2.0,Medium,3,3,3,7,3,3,No,58.0
Male,18,2.8,1,9,88.0,2.5,Medium,4,3,3,8,2,4,Yes,61.0
Female,16,3.0,1,10,82.0,3.0,Medium,3,4,3,6,4,2,No,64.0
Male,19,2.7,2,7,85.0,2.0,Medium,2,3,2,7,3,3,No,57.0
Female,20,2.9,1,11,89.0,3.5,Medium,4,4,4,8,4,4,Yes,67.0
Male,17,2.4,2,6,80.0,2.0,Medium,3,2,3,7,2,3,No,54.0
Female,18,2.6,1,7,85.0,2.5,Medium,4,3,2,8,3,4,Yes,57.0
Male,16,2.8,1,8,79.0,3.0,Medium,3,4,2,6,4,2,No,60.0
Female,19,2.5,2,5,84.0,2.0,Medium,2,3,2,7,2,3,No,53.0
Male,20,2.7,1,9,88.0,3.5,Medium,4,4,3,8,4,4,Yes,62.0
Female,17,2.4,2,6,81.0,2.0,Medium,3,2,3,7,2,3,No,55.0
Male,18,2.6,1,7,86.0,2.5,Medium,4,3,2,8,3,4,Yes,58.0
Female,16,2.8,1,8,80.0,3.0,Medium,3,4,2,6,4,2,No,61.0
Male,19,2.5,2,5,83.0,2.0,Medium,2,3,2,7,2,3,No,52.0
Female,20,2.7,1,9,87.0,3.5,Medium,4,4,3,8,4,4,Yes,63.0
Male,17,2.5,2,7,82.0,2.0,Medium,3,3,3,7,3,3,No,56.0
Female,18,2.7,1,8,87.0,2.5,Medium,4,3,3,8,2,4,Yes,59.0
Male,16,2.9,1,9,81.0,3.0,Medium,3,4,3,6,4,2,No,62.0
Female,19,2.6,2,6,86.0,2.0,Medium,2,3,2,7,3,3,No,55.0
Male,20,2.8,1,10,90.0,3.5,Medium,4,4,4,8,4,4,Yes,64.0
Female,17,2.5,2,7,83.0,2.0,Medium,3,3,3,7,3,3,No,57.0
Male,18,2.7,1,8,88.0,2.5,Medium,4,3,3,8,2,4,Yes,60.0
Female,16,2.9,1,9,82.0,3.0,Medium,3,4,3,6,4,2,No,63.0
Male,19,2.6,2,6,87.0,2.0,Medium,2,3,2,7,3,3,No,56.0
Female,20,2.8,1,10,89.0,3.5,Medium,4,4,4,8,4,4,Yes,65.0
Male,17,2.3,2,5,79.0,2.0,Medium,2,2,2,7,2,2,No,53.0
Female,18,2.5,1,6,84.0,2.5,Medium,3,3,2,8,3,3,Yes,57.0
Male,16,2.7,1,7,78.0,3.0,Medium,2,4,2,6,4,2,No,59.0
Female,19,2.4,2,4,83.0,2.0,Medium,1,3,1,7,2,2,No,52.0
Male,20,2.6,1,8,88.0,3.5,Medium,3,4,3,8,4,3,Yes,61.0
Female,17,2.3,2,5,80.0,2.0,Medium,2,2,2,7,2,2,No,54.0
Male,18,2.5,1,6,85.0,2.5,Medium,3,3,2,8,3,3,Yes,58.0
Female,16,2.7,1,7,79.0,3.0,Medium,2,4,2,6,4,2,No,60.0
Male,19,2.4,2,4,82.0,2.0,Medium,1,3,1,7,2,2,No,51.0
Female,20,2.6,1,8,87.0,3.5,Medium,3,4,3,8,4,3,Yes,62.0
Male,17,2.8,2,9,84.0,2.0,Medium,4,3,3,7,3,3,No,58.0
Female,18,3.0,1,10,89.0,2.5,Medium,5,4,4,8,4,4,Yes,63.0
Male,16,2.9,1,11,82.0,3.0,Medium,4,5,4,6,5,2,No,64.0
Female,19,2.8,2,8,87.0,2.0,Medium,3,4,3,7,4,3,No,59.0
Male,20,3.0,1,12,91.0,3.5,Medium,5,5,5,8,5,4,Yes,66.0
Female,17,2.8,2,9,85.0,2.0,Medium,4,3,3,7,3,3,No,59.0
Male,18,3.0,1,10,88.0,2.5,Medium,5,4,4,8,4,4,Yes,64.0
Female,16,2.9,1,11,83.0,3.0,Medium,4,5,4,6,5,2,No,65.0
Male,19,2.8,2,8,86.0,2.0,Medium,3,4,3,7,4,3,No,60.0
Female,20,3.0,1,12,90.0,3.5,Medium,5,5,5,8,5,4,Yes,67.0
Male,17,2.6,2,8,81.0,2.0,Medium,3,3,3,7,3,3,No,56.0
Female,18,2.8,1,9,86.0,2.5,Medium,4,3,3,8,2,4,Yes,59.0
Male,16,3.0,1,10,80.0,3.0,Medium,3,4,3,6,4,2,No,62.0
Female,19,2.7,2,7,85.0,2.0,Medium,2,3,2,7,3,3,No,55.0
Male,20,2.9,1,11,89.0,3.5,Medium,4,4,4,8,4,4,Yes,65.0
Female,17,2.6,2,8,82.0,2.0,Medium,3,3,3,7,3,3,No,57.0
Male,18,2.8,1,9,87.0,2.5,Medium,4,3,3,8,2,4,Yes,60.0
Female,16,3.0,1,10,81.0,3.0,Medium,3,4,3,6,4,2,No,63.0
Male,19,2.7,2,7,86.0,2.0,Medium,2,3,2,7,3,3,No,56.0
Female,20,2.9,1,11,88.0,3.5,Medium,4,4,4,8,4,4,Yes,66.0
Male,17,2.4,2,6,79.0,2.0,Medium,3,2,3,7,2,3,No,54.0
Female,18,2.6,1,7,84.0,2.5,Medium,4,3,2,8,3,4,Yes,57.0
Male,16,2.8,1,8,78.0,3.0,Medium,3,4,2,6,4,2,No,60.0
Female,19,2.5,2,5,83.0,2.0,Medium,2,3,2,7,2,3,No,53.0
Male,20,2.7,1,9,87.0,3.5,Medium,4,4,3,8,4,4,Yes,62.0
Female,17,2.4,2,6,80.0,2.0,Medium,3,2,3,7,2,3,No,55.0
Male,18,2.6,1,7,85.0,2.5,Medium,4,3,2,8,3,4,Yes,58.0
Female,16,2.8,1,8,79.0,3.0,Medium,3,4,2,6,4,2,No,61.0
Male,19,2.5,2,5,82.0,2.0,Medium,2,3,2,7,2,3,No,52.0
Female,20,2.7,1,9,86.0,3.5,Medium,4,4,3,8,4,4,Yes,63.0
Male,17,2.5,2,7,81.0,2.0,Medium,3,3,3,7,3,3,No,56.0
Female,18,2.7,1,8,86.0,2.5,Medium,4,3,3,8,2,4,Yes,59.0
Male,16,2.9,1,9,80.0,3.0,Medium,3,4,3,6,4,2,No,62.0
Female,19,2.6,2,6,85.0,2.0,Medium,2,3,2,7,3,3,No,55.0
Male,20,2.8,1,10,89.0,3.5,Medium,4,4,4,8,4,4,Yes,64.0
Female,17,2.5,2,7,82.0,2.0,Medium,3,3,3,7,3,3,No,57.0
Male,18,2.7,1,8,87.0,2.5,Medium,4,3,3,8,2,4,Yes,60.0
Female,16,2.9,1,9,81.0,3.0,Medium,3,4,3,6,4,2,No,63.0
Male,19,2.6,2,6,86.0,2.0,Medium,2,3,2,7,3,3,No,56.0
Female,20,2.8,1,10,88.0,3.5,Medium,4,4,4,8,4,4,Yes,65.0
Male,17,3.9,0,18,99.0,4.0,High,5,5,5,63,5,5,Yes,98.0
Female,18,3.8,0,16,97.0,3.5,High,5,4,5,60,4,5,Yes,95.0
Other,16,3.7,0,15,98.0,4.0,High,5,5,5,65,5,4,Yes,96.0
Other,17,3.6,0,14,96.0,3.0,High,4,4,4,58,4,5,Yes,92.0
Female,19,3.9,0,17,99.0,4.0,High,5,5,5,67,5,5,Yes,99.0
Male,20,3.8,0,16,98.0,3.5,High,5,4,5,62,4,5,Yes,97.0
Other,17,3.7,0,15,97.0,4.0,High,5,5,5,64,5,4,Yes,95.0
Other,18,3.6,0,14,96.0,3.0,High,4,4,4,59,4,5,Yes,93.0
Female,16,3.9,0,18,99.0,4.0,High,5,5,5,66,5,5,Yes,98.0
Male,19,3.8,0,17,98.0,3.5,High,5,4,5,61,4,5,Yes,96.0
Other,20,3.7,0,16,97.0,4.0,High,5,5,5,63,5,4,Yes,97.0
Other,17,3.6,0,15,96.0,3.0,High,4,4,4,57,4,5,Yes,94.0
Female,18,3.9,0,18,99.0,4.0,High,5,5,5,65,5,5,Yes,99.0
Male,16,3.8,0,17,98.0,3.5,High,5,4,5,60,4,5,Yes,97.0
Other,19,3.7,0,16,97.0,4.0,High,5,5,5,62,5,4,Yes,96.0
Prefer not to say,20,3.6,0,15,96.0,3.0,High,4,4,4,58,4,5,Yes,92.0
Female,17,3.5,0,13,95.0,3.0,High,4,4,4,56,4,4,Yes,91.0
Male,18,3.4,0,12,94.0,2.5,High,4,4,4,55,4,4,Yes,89.0
Other,16,3.3,0,11,93.0,2.0,High,4,4,4,54,4,4,Yes,87.0
Other,19,3.2,0,10,92.0,2.0,High,4,4,4,53,4,4,Yes,85.0
Female,20,3.1,0,9,91.0,2.0,High,4,4,4,52,4,4,Yes,83.0
Male,17,3.0,0,8,90.0,2.0,High,4,4,4,51,4,4,Yes,81.0
Other,18,2.9,0,7,89.0,2.0,High,4,4,4,50,4,4,Yes,79.0
Other,16,2.8,0,6,88.0,2.0,High,4,4,4,49,4,4,Yes,77.0
Female,19,2.7,0,5,87.0,2.0,High,4,4,4,48,4,4,Yes,75.0
Male,20,2.6,0,4,86.0,2.0,High,4,4,4,47,4,4,Yes,73.0
Other,17,2.5,0,3,85.0,2.0,High,4,4,4,46,4,4,Yes,71.0
Other,18,2.4,0,2,84.0,2.0,High,4,4,4,45,4,4,Yes,69.0
Female,16,2.3,0,1,83.0,2.0,High,4,4,4,44,4,4,Yes,67.0
Male,19,2.2,0,0,82.0,2.0,High,4,4,4,43,4,4,Yes,65.0
Other,20,2.1,0,1,81.0,2.0,High,4,4,4,42,4,4,Yes,63.0
Prefer not to say,17,2.0,0,2,80.0,2.0,High,4,4,4,41,4,4,Yes,61.0
Female,18,1.9,0,3,79.0,2.0,High,4,4,4,40,4,4,Yes,59.0
Male,16,1.8,0,4,78.0,2.0,High,4,4,4,39,4,4,Yes,57.0
Other,19,1.7,0,5,77.0,2.0,High,4,4,4,38,4,4,Yes,55.0
Other,20,1.6,0,6,76.0,2.0,High,4,4,4,37,4,4,Yes,53.0
Female,17,1.5,0,7,75.0,2.0,High,4,4,4,36,4,4,Yes,51.0
Male,18,1.4,0,8,74.0,2.0,High,4,4,4,35,4,4,Yes,49.0
Other,16,1.3,0,9,73.0,2.0,High,4,4,4,34,4,4,Yes,47.0
Other,19,1.2,0,10,72.0,2.0,High,4,4,4,33,4,4,Yes,45.0
Female,20,1.1,0,11,71.0,2.0,High,4,4,4,32,4,4,Yes,43.0
Male,17,1.0,0,12,70.0,2.0,High,4,4,4,31,4,4,Yes,41.0
Other,18,0.9,0,13,69.0,2.0,High,4,4,4,30,4,4,Yes,39.0
Other,16,0.8,0,14,68.0,2.0,High,4,4,4,29,4,4,Yes,37.0
Female,19,0.7,0,15,67.0,2.0,High,4,4,4,28,4,4,Yes,35.0
Male,20,0.6,0,16,66.0,2.0,High,4,4,4,27,4,4,Yes,33.0
Other,17,0.5,0,17,65.0,2.0,High,4,4,4,26,4,4,Yes,31.0
Prefer not to say,18,0.4,0,18,64.0,2.0,High,4,4,4,25,4,4,Yes,29.0
Female,16,0.3,0,19,63.0,2.0,High,4,4,4,24,4,4,Yes,27.0
Male,19,0.2,0,20,62.0,2.0,High,4,4,4,23,4,4,Yes,25.0
Other,20,0.1,0,21,61.0,2.0,High,4,4,4,22,4,4,Yes,23.0
Other,17,3.5,1,13,95.0,3.0,Medium,4,4,4,56,4,4,Yes,88.0
Female,18,3.4,1,12,94.0,2.5,Medium,4,4,4,55,4,4,Yes,86.0
Male,16,3.3,1,11,93.0,2.0,Medium,4,4,4,54,4,4,Yes,84.0
Other,19,3.2,1,10,92.0,2.0,Medium,4,4,4,53,4,4,Yes,82.0
Other,20,3.1,1,9,91.0,2.0,Medium,4,4,4,52,4,4,Yes,80.0
Female,17,3.0,1,8,90.0,2.0,Medium,4,4,4,51,4,4,Yes,78.0
Male,18,2.9,1,7,89.0,2.0,Medium,4,4,4,50,4,4,Yes,76.0
Other,16,2.8,1,6,88.0,2.0,Medium,4,4,4,49,4,4,Yes,74.0
Other,19,2.7,1,5,87.0,2.0,Medium,4,4,4,48,4,4,Yes,72.0
Female,20,2.6,1,4,86.0,2.0,Medium,4,4,4,47,4,4,Yes,70.0
Male,17,2.5,1,3,85.0,2.0,Medium,4,4,4,46,4,4,Yes,68.0
Other,18,2.4,1,2,84.0,2.0,Medium,4,4,4,45,4,4,Yes,66.0
Prefer not to say,16,2.3,1,1,83.0,2.0,Medium,4,4,4,44,4,4,Yes,64.0
Female,19,2.2,1,0,82.0,2.0,Medium,4,4,4,43,4,4,Yes,62.0
Male,20,2.1,1,1,81.0,2.0,Medium,4,4,4,42,4,4,Yes,60.0
Other,17,2.0,1,2,80.0,2.0,Medium,4,4,4,41,4,4,Yes,58.0
Other,18,1.9,1,3,79.0,2.0,Medium,4,4,4,40,4,4,Yes,56.0
Female,16,1.8,1,4,78.0,2.0,Medium,4,4,4,39,4,4,Yes,54.0
Male,19,1.7,1,5,77.0,2.0,Medium,4,4,4,38,4,4,Yes,52.0
Other,20,1.6,1,6,76.0,2.0,Medium,4,4,4,37,4,4,Yes,50.0
Other,17,1.5,1,7,75.0,2.0,Medium,4,4,4,36,4,4,Yes,48.0
Female,18,1.4,1,8,74.0,2.0,Medium,4,4,4,35,4,4,Yes,46.0
Male,16,1.3,1,9,73.0,2.0,Medium,4,4,4,34,4,4,Yes,44.0
Other,19,1.2,1,10,72.0,2.0,Medium,4,4,4,33,4,4,Yes,42.0
Other,20,1.1,1,11,71.0,2.0,Medium,4,4,4,32,4,4,Yes,40.0
Female,17,1.0,1,12,70.0,2.0,Medium,4,4,4,31,4,4,Yes,38.0
Male,18,0.9,1,13,69.0,2.0,Medium,4,4,4,30,4,4,Yes,36.0
Other,16,0.8,1,14,68.0,2.0,Medium,4,4,4,29,4,4,Yes,34.0
Prefer not to say,19,0.7,1,15,67.0,2.0,Medium,4,4,4,28,4,4,Yes,32.0
Female,20,0.6,1,16,66.0,2.0,Medium,4,4,4,27,4,4,Yes,30.0
Male,17,0.5,1,17,65.0,2.0,Medium,4,4,4,26,4,4,Yes,28.0
Other,18,0.4,1,18,64.0,2.0,Medium,4,4,4,25,4,4,Yes,26.0
Other,16,0.3,1,19,63.0,2.0,Medium,4,4,4,24,4,4,Yes,24.0
Female,19,0.2,1,20,62.0,2.0,Medium,4,4,4,23,4,4,Yes,22.0
Male,20,0.1,1,21,61.0,2.0,Medium,4,4,4,22,4,4,Yes,20.0
Female,17,2.5,2,7,80.0,2.0,Medium,3,3,3,35,3,3,No,55.0
Male,18,2.7,1,8,85.0,2.5,Medium,4,3,3,38,2,4,Yes,58.0
Other,16,2.9,1,9,78.0,3.0,Medium,3,4,3,36,4,2,No,60.0
Other,19,2.6,2,6,82.0,2.0,Medium,2,3,2,37,3,3,No,53.0
Female,20,2.8,1,10,88.0,3.5,Medium,4,4,4,39,4,4,Yes,62.0
Male,17,2.5,2,7,81.0,2.0,Medium,3,3,3,35,3,3,No,56.0
Other,18,2.7,1,8,84.0,2.5,Medium,4,3,3,38,2,4,Yes,59.0
Other,16,2.9,1,9,79.0,3.0,Medium,3,4,3,36,4,2,No,61.0
Female,19,2.6,2,6,83.0,2.0,Medium,2,3,2,37,3,3,No,54.0
Male,20,2.8,1,10,87.0,3.5,Medium,4,4,4,39,4,4,Yes,63.0
Other,17,2.4,2,6,77.0,2.0,Medium,3,2,3,34,2,3,No,52.0
Other,18,2.6,1,7,83.0,2.5,Medium,4,3,2,37,3,4,Yes,57.0
Female,16,2.8,1,8,76.0,3.0,Medium,3,4,2,35,4,2,No,59.0
Male,19,2.5,2,5,81.0,2.0,Medium,2,3,2,34,2,3,No,51.0
Other,20,2.7,1,9,86.0,3.5,Medium,4,4,3,38,4,4,Yes,61.0
Prefer not to say,17,2.4,2,6,78.0,2.0,Medium,3,2,3,34,2,3,No,53.0
Female,18,2.6,1,7,82.0,2.5,Medium,4,3,2,37,3,4,Yes,56.0
Male,16,2.8,1,8,77.0,3.0,Medium,3,4,2,35,4,2,No,60.0
Other,19,2.5,2,5,80.0,2.0,Medium,2,3,2,34,2,3,No,50.0
Other,20,2.7,1,9,85.0,3.5,Medium,4,4,3,38,4,4,Yes,62.0
Female,17,2.6,2,8,82.0,2.0,Medium,3,3,3,36,3,3,No,57.0
Male,18,2.8,1,9,87.0,2.5,Medium,4,3,3,39,2,4,Yes,60.0
Other,16,3.0,1,10,80.0,3.0,Medium,3,4,3,37,4,2,No,62.0
Other,19,2.7,2,7,84.0,2.0,Medium,2,3,2,38,3,3,No,55.0
Female,20,2.9,1,11,89.0,3.5,Medium,4,4,4,40,4,4,Yes,64.0
Male,17,2.6,2,8,83.0,2.0,Medium,3,3,3,36,3,3,No,58.0
Other,18,2.8,1,9,86.0,2.5,Medium,4,3,3,39,2,4,Yes,61.0
Other,16,3.0,1,10,81.0,3.0,Medium,3,4,3,37,4,2,No,63.0
Female,19,2.7,2,7,85.0,2.0,Medium,2,3,2,38,3,3,No,56.0
Male,20,2.9,1,11,88.0,3.5,Medium,4,4,4,40,4,4,Yes,65.0
Other,17,2.3,2,5,75.0,2.0,Medium,2,2,2,33,2,2,No,50.0
Prefer not to say,18,2.5,1,6,80.0,2.5,Medium,3,3,2,36,3,3,Yes,54.0
Female,16,2.7,1,7,74.0,3.0,Medium,2,4,2,34,4,2,No,56.0
Male,19,2.4,2,4,79.0,2.0,Medium,1,3,1,33,2,2,No,49.0
Other,20,2.6,1,8,84.0,3.5,Medium,3,4,3,37,4,3,Yes,58.0
Other,17,2.3,2,5,76.0,2.0,Medium,2,2,2,33,2,2,No,51.0
Female,18,2.5,1,6,81.0,2.5,Medium,3,3,2,36,3,3,Yes,55.0
Male,16,2.7,1,7,75.0,3.0,Medium,2,4,2,34,4,2,No,57.0
Other,19,2.4,2,4,78.0,2.0,Medium,1,3,1,33,2,2,No,48.0
Other,20,2.6,1,8,83.0,3.5,Medium,3,4,3,37,4,3,Yes,59.0
Female,17,2.8,2,9,86.0,2.0,Medium,4,3,3,39,3,3,No,60.0
Male,18,3.0,1,10,91.0,2.5,Medium,5,4,4,42,4,4,Yes,65.0
Other,16,2.9,1,11,84.0,3.0,Medium,4,5,4,41,5,2,No,66.0
Other,19,2.8,2,8,89.0,2.0,Medium,3,4,3,40,4,3,No,61.0
Female,20,3.0,1,12,93.0,3.5,Medium,5,5,5,43,5,4,Yes,68.0
Male,17,2.8,2,9,87.0,2.0,Medium,4,3,3,39,3,3,No,61.0
Other,18,3.0,1,10,90.0,2.5,Medium,5,4,4,42,4,4,Yes,66.0
Other,16,2.9,1,11,85.0,3.0,Medium,4,5,4,41,5,2,No,67.0
Female,19,2.8,2,8,88.0,2.0,Medium,3,4,3,40,4,3,No,62.0
Male,20,3.0,1,12,92.0,3.5,Medium,5,5,5,43,5,4,Yes,69.0
Other,17,2.6,2,8,83.0,2.0,Medium,3,3,3,36,3,3,No,58.0
Other,18,2.8,1,9,88.0,2.5,Medium,4,3,3,39,2,4,Yes,61.0
Female,16,3.0,1,10,82.0,3.0,Medium,3,4,3,37,4,2,No,63.0
Male,19,2.7,2,7,87.0,2.0,Medium,2,3,2,38,3,3,No,57.0
Other,20,2.9,1,11,91.0,3.5,Medium,4,4,4,40,4,4,Yes,67.0
Prefer not to say,17,2.6,2,8,84.0,2.0,Medium,3,3,3,36,3,3,No,59.0
Female,18,2.8,1,9,89.0,2.5,Medium,4,3,3,39,2,4,Yes,62.0
Male,16,3.0,1,10,83.0,3.0,Medium,3,4,3,37,4,2,No,65.0
Other,19,2.7,2,7,86.0,2.0,Medium,2,3,2,38,3,3,No,58.0
Female,20,2.9,1,11,90.0,3.5,Medium,4,4,4,40,4,4,Yes,68.0
Male,16,2.1,3,5,72.0,1.0,Low,2,2,2,30,2,2,No,48.0
Female,17,2.3,2,6,75.0,1.5,Medium,3,2,3,32,3,2,No,52.0
Male,18,2.5,1,7,78.0,2.0,Medium,3,3,3,34,3,3,No,56.0
Female,19,2.7,0,8,81.0,2.5,Medium,4,3,4,36,4,3,Yes,60.0
Male,20,2.9,0,9,84.0,3.0,Medium,4,4,4,38,4,4,Yes,64.0
Female,16,3.1,0,10,87.0,3.5,High,5,4,5,40,5,4,Yes,68.0
Male,17,3.3,0,11,90.0,4.0,High,5,5,5,42,5,5,Yes,72.0
Female,18,3.5,0,12,93.0,4.0,High,5,5,5,44,5,5,Yes,76.0
Male,19,3.7,0,13,96.0,4.0,High,5,5,5,46,5,5,Yes,80.0
Female,20,3.9,0,14,99.0,4.0,High,5,5,5,48,5,5,Yes,84.0
Male,16,1.9,4,4,68.0,0.5,Low,1,1,2,28,1,1,No,44.0
Female,17,2.0,3,5,70.0,1.0,Low,2,2,2,29,2,1,No,46.0
Male,18,2.2,2,6,73.0,1.5,Medium,2,2,3,31,2,2,No,50.0
Female,19,2.4,1,7,76.0,2.0,Medium,3,3,3,33,3,2,No,54.0
Male,20,2.6,0,8,79.0,2.5,Medium,3,3,4,35,3,3,Yes,58.0
Female,16,2.8,0,9,82.0,3.0,Medium,4,4,4,37,4,3,Yes,62.0
Male,17,3.0,0,10,85.0,3.5,High,4,4,5,39,4,4,Yes,66.0
Female,18,3.2,0,11,88.0,4.0,High,5,5,5,41,5,4,Yes,70.0
Male,19,3.4,0,12,91.0,4.0,High,5,5,5,43,5,5,Yes,74.0
Female,20,3.6,0,13,94.0,4.0,High,5,5,5,45,5,5,Yes,78.0
Male,16,1.7,5,3,65.0,0.0,Low,1,1,1,26,1,1,No,40.0
Female,17,1.8,4,4,67.0,0.5,Low,1,1,2,27,1,1,No,42.0
Male,18,2.0,3,5,69.0,1.0,Low,2,2,2,28,2,1,No,44.0
Female,19,2.2,2,6,71.0,1.5,Medium,2,2,3,30,2,2,No,48.0
Male,20,2.4,1,7,73.0,2.0,Medium,3,3,3,32,3,2,No,52.0
Female,16,2.6,0,8,75.0,2.5,Medium,3,3,4,34,3,3,Yes,56.0
Male,17,2.8,0,9,77.0,3.0,Medium,4,4,4,36,4,3,Yes,60.0
Female,18,3.0,0,10,79.0,3.5,High,4,4,5,38,4,4,Yes,64.0
Male,19,3.2,0,11,81.0,4.0,High,5,5,5,40,5,4,Yes,68.0
Female,20,3.4,0,12,83.0,4.0,High,5,5,5,42,5,5,Yes,72.0
Male,16,1.5,5,2,62.0,0.0,Low,1,1,1,24,1,1,No,36.0
Female,17,1.6,4,3,64.0,0.5,Low,1,1,2,25,1,1,No,38.0
Male,18,1.8,3,4,66.0,1.0,Low,2,2,2,26,2,1,No,40.0
Female,19,2.0,2,5,68.0,1.5,Medium,2,2,3,28,2,2,No,44.0
Male,20,2.2,1,6,70.0,2.0,Medium,3,3,3,30,3,2,No,48.0
Female,16,2.4,0,7,72.0,2.5,Medium,3,3,4,32,3,3,Yes,52.0
Male,17,2.6,0,8,74.0,3.0,Medium,4,4,4,34,4,3,Yes,56.0
Female,18,2.8,0,9,76.0,3.5,High,4,4,5,36,4,4,Yes,60.0
Male,19,3.0,0,10,78.0,4.0,High,5,5,5,38,5,4,Yes,64.0
Female,20,3.2,0,11,80.0,4.0,High,5,5,5,40,5,5,Yes,68.0
Male,16,1.3,5,1,59.0,0.0,Low,1,1,1,22,1,1,No,32.0
Female,17,1.4,4,2,61.0,0.5,Low,1,1,2,23,1,1,No,34.0
Male,18,1.6,3,3,63.0,1.0,Low,2,2,2,24,2,1,No,36.0
Female,19,1.8,2,4,65.0,1.5,Medium,2,2,3,26,2,2,No,40.0
Male,20,2.0,1,5,67.0,2.0,Medium,3,3,3,28,3,2,No,44.0
Female,16,2.2,0,6,69.0,2.5,Medium,3,3,4,30,3,3,Yes,48.0
Male,17,2.4,0,7,71.0,3.0,Medium,4,4,4,32,4,3,Yes,52.0
Female,18,2.6,0,8,73.0,3.5,High,4,4,5,34,4,4,Yes,56.0
Male,19,2.8,0,9,75.0,4.0,High,5,5,5,36,5,4,Yes,60.0
Female,20,3.0,0,10,77.0,4.0,High,5,5,5,38,5,5,Yes,64.0
Male,16,1.1,5,0,56.0,0.0,Low,1,1,1,20,1,1,No,28.0
Female,17,1.2,4,1,58.0,0.5,Low,1,1,2,21,1,1,No,30.0
Male,18,1.4,3,2,60.0,1.0,Low,2,2,2,22,2,1,No,32.0
Female,19,1.6,2,3,62.0,1.5,Medium,2,2,3,24,2,2,No,36.0
Male,20,1.8,1,4,64.0,2.0,Medium,3,3,3,26,3,2,No,40.0
Female,16,2.0,0,5,66.0,2.5,Medium,3,3,4,28,3,3,Yes,44.0
Male,17,2.2,0,6,68.0,3.0,Medium,4,4,4,30,4,3,Yes,48.0
Female,18,2.4,0,7,70.0,3.5,High,4,4,5,32,4,4,Yes,52.0
Male,19,2.6,0,8,72.0,4.0,High,5,5,5,34,5,4,Yes,56.0
Female,20,2.8,0,9,74.0,4.0,High,5,5,5,36,5,5,Yes,60.0
Male,16,1.0,5,0,55.0,0.0,Low,1,1,1,19,1,1,No,26.0
Female,17,1.1,4,1,57.0,0.5,Low,1,1,2,20,1,1,No,28.0
Male,18,1.3,3,2,59.0,1.0,Low,2,2,2,21,2,1,No,30.0
Female,19,1.5,2,3,61.0,1.5,Medium,2,2,3,23,2,2,No,34.0
Male,20,1.7,1,4,63.0,2.0,Medium,3,3,3,25,3,2,No,38.0
Female,16,1.9,0,5,65.0,2.5,Medium,3,3,4,27,3,3,Yes,42.0
Male,17,2.1,0,6,67.0,3.0,Medium,4,4,4,29,4,3,Yes,46.0
Female,18,2.3,0,7,69.0,3.5,High,4,4,5,31,4,4,Yes,50.0
Male,19,2.5,0,8,71.0,4.0,High,5,5,5,33,5,4,Yes,54.0
Female,20,2.7,0,9,73.0,4.0,High,5,5,5,35,5,5,Yes,58.0
Male,16,1.2,5,1,58.0,0.0,Low,1,1,1,21,1,1,No,30.0
Female,17,1.3,4,2,60.0,0.5,Low,1,1,2,22,1,1,No,32.0
Male,18,1.5,3,3,62.0,1.0,Low,2,2,2,23,2,1,No,34.0
Female,19,1.7,2,4,64.0,1.5,Medium,2,2,3,25,2,2,No,38.0
Male,20,1.9,1,5,66.0,2.0,Medium,3,3,3,27,3,2,No,42.0
Female,16,2.1,0,6,68.0,2.5,Medium,3,3,4,29,3,3,Yes,46.0
Male,17,2.3,0,7,70.0,3.0,Medium,4,4,4,31,4,3,Yes,50.0
Female,18,2.5,0,8,72.0,3.5,High,4,4,5,33,4,4,Yes,54.0
Male,19,2.7,0,9,74.0,4.0,High,5,5,5,35,5,4,Yes,58.0
Female,20,2.9,0,10,76.0,4.0,High,5,5,5,37,5,5,Yes,62.0
Male,16,1.4,5,2,61.0,0.0,Low,1,1,1,23,1,1,No,34.0
Female,17,1.5,4,3,63.0,0.5,Low,1,1,2,24,1,1,No,36.0
Male,18,1.7,3,4,65.0,1.0,Low,2,2,2,25,2,1,No,38.0
Female,19,1.9,2,5,67.0,1.5,Medium,2,2,3,27,2,2,No,42.0
Male,20,2.1,1,6,69.0,2.0,Medium,3,3,3,29,3,2,No,46.0
Female,16,2.3,0,7,71.0,2.5,Medium,3,3,4,31,3,3,Yes,50.0
Male,17,2.5,0,8,73.0,3.0,Medium,4,4,4,33,4,3,Yes,54.0
Female,18,2.7,0,9,75.0,3.5,High,4,4,5,35,4,4,Yes,58.0
Male,19,2.9,0,10,77.0,4.0,High,5,5,5,37,5,4,Yes,62.0
Female,20,3.1,0,11,79.0,4.0,High,5,5,5,39,5,5,Yes,66.0
Male,16,1.6,5,3,64.0,0.0,Low,1,1,1,25,1,1,No,38.0
Female,17,1.7,4,4,66.0,0.5,Low,1,1,2,26,1,1,No,40.0
Male,18,1.9,3,5,68.0,1.0,Low,2,2,2,27,2,1,No,42.0
Female,19,2.1,2,6,70.0,1.5,Medium,2,2,3,29,2,2,No,46.0
Male,20,2.3,1,7,72.0,2.0,Medium,3,3,3,31,3,2,No,50.0
Female,16,2.5,0,8,74.0,2.5,Medium,3,3,4,33,3,3,Yes,54.0
Male,17,2.7,0,9,76.0,3.0,Medium,4,4,4,35,4,3,Yes,58.0
Female,18,2.9,0,10,78.0,3.5,High,4,4,5,37,4,4,Yes,62.0
Male,19,3.1,0,11,80.0,4.0,High,5,5,5,39,5,4,Yes,66.0
Female,20,3.3,0,12,82.0,4.0,High,5,5,5,41,5,5,Yes,70.0
Male,16,2.2,3,6,73.0,1.0,Low,2,2,2,31,2,2,No,49.0
Female,17,2.4,2,7,76.0,1.5,Medium,3,2,3,33,3,2,No,53.0
Male,18,2.6,1,8,79.0,2.0,Medium,3,3,3,35,3,3,No,57.0
Female,19,2.8,0,9,82.0,2.5,Medium,4,3,4,37,4,3,Yes,61.0
Male,20,3.0,0,10,85.0,3.0,Medium,4,4,4,39,4,4,Yes,65.0
Female,16,3.2,0,11,88.0,3.5,High,5,4,5,41,5,4,Yes,69.0
Male,17,3.4,0,12,91.0,4.0,High,5,5,5,43,5,5,Yes,73.0
Female,18,3.6,0,13,94.0,4.0,High,5,5,5,45,5,5,Yes,77.0
Male,19,3.8,0,14,97.0,4.0,High,5,5,5,47,5,5,Yes,81.0
Female,20,4.0,0,15,100.0,4.0,High,5,5,5,49,5,5,Yes,85.0
Male,16,2.0,4,5,69.0,0.5,Low,1,1,2,29,1,1,No,45.0
Female,17,2.1,3,6,71.0,1.0,Low,2,2,2,30,2,1,No,47.0
Male,18,2.3,2,7,74.0,1.5,Medium,2,2,3,32,2,2,No,51.0
Female,19,2.5,1,8,77.0,2.0,Medium,3,3,3,34,3,2,No,55.0
Male,20,2.7,0,9,80.0,2.5,Medium,3,3,4,36,3,3,Yes,59.0
Female,16,2.9,0,10,83.0,3.0,Medium,4,4,4,38,4,3,Yes,63.0
Male,17,3.1,0,11,86.0,3.5,High,4,4,5,40,4,4,Yes,67.0
Female,18,3.3,0,12,89.0,4.0,High,5,5,5,42,5,4,Yes,71.0
Male,19,3.5,0,13,92.0,4.0,High,5,5,5,44,5,5,Yes,75.0
Female,20,3.7,0,14,95.0,4.0,High,5,5,5,46,5,5,Yes,79.0
Male,16,1.8,5,4,66.0,0.0,Low,1,1,1,27,1,1,No,41.0
Female,17,1.9,4,5,68.0,0.5,Low,1,1,2,28,1,1,No,43.0
Male,18,2.1,3,6,70.0,1.0,Low,2,2,2,29,2,1,No,45.0
Female,19,2.3,2,7,72.0,1.5,Medium,2,2,3,31,2,2,No,49.0
Male,20,2.5,1,8,74.0,2.0,Medium,3,3,3,33,3,2,No,53.0
Female,16,2.7,0,9,76.0,2.5,Medium,3,3,4,35,3,3,Yes,57.0
Male,17,2.9,0,10,78.0,3.0,Medium,4,4,4,37,4,3,Yes,61.0
Female,18,3.1,0,11,80.0,3.5,High,4,4,5,39,4,4,Yes,65.0
Male,19,3.3,0,12,82.0,4.0,High,5,5,5,41,5,4,Yes,69.0
Female,20,3.5,0,13,84.0,4.0,High,5,5,5,43,5,5,Yes,73.0
Male,16,1.6,5,3,63.0,0.0,Low,1,1,1,25,1,1,No,37.0
Female,17,1.7,4,4,65.0,0.5,Low,1,1,2,26,1,1,No,39.0
Male,18,1.9,3,5,67.0,1.0,Low,2,2,2,27,2,1,No,41.0
Female,19,2.1,2,6,69.0,1.5,Medium,2,2,3,29,2,2,No,45.0
Male,20,2.3,1,7,71.0,2.0,Medium,3,3,3,31,3,2,No,49.0
Female,16,2.5,0,8,73.0,2.5,Medium,3,3,4,33,3,3,Yes,53.0
Male,17,2.7,0,9,75.0,3.0,Medium,4,4,4,35,4,3,Yes,57.0
Female,18,2.9,0,10,77.0,3.5,High,4,4,5,37,4,4,Yes,61.0
Male,19,3.1,0,11,79.0,4.0,High,5,5,5,39,5,4,Yes,65.0
Female,20,3.3,0,12,81.0,4.0,High,5,5,5,41,5,5,Yes,69.0
Male,16,1.4,5,2,60.0,0.0,Low,1,1,1,23,1,1,No,33.0
Female,17,1.5,4,3,62.0,0.5,Low,1,1,2,24,1,1,No,35.0
Male,18,1.7,3,4,64.0,1.0,Low,2,2,2,25,2,1,No,37.0
Female,19,1.9,2,5,66.0,1.5,Medium,2,2,3,27,2,2,No,41.0
Male,20,2.1,1,6,68.0,2.0,Medium,3,3,3,29,3,2,No,45.0
Female,16,2.3,0,7,70.0,2.5,Medium,3,3,4,31,3,3,Yes,49.0
Male,17,2.5,0,8,72.0,3.0,Medium,4,4,4,33,4,3,Yes,53.0
Female,18,2.7,0,9,74.0,3.5,High,4,4,5,35,4,4,Yes,57.0
Male,19,2.9,0,10,76.0,4.0,High,5,5,5,37,5,4,Yes,61.0
Female,20,3.1,0,11,78.0,4.0,High,5,5,5,39,5,5,Yes,65.0
Male,16,1.2,5,1,57.0,0.0,Low,1,1,1,21,1,1,No,29.0
Female,17,1.3,4,2,59.0,0.5,Low,1,1,2,22,1,1,No,31.0
Male,18,1.5,3,3,61.0,1.0,Low,2,2,2,23,2,1,No,33.0
Female,19,1.7,2,4,63.0,1.5,Medium,2,2,3,25,2,2,No,37.0
Male,20,1.9,1,5,65.0,2.0,Medium,3,3,3,27,3,2,No,41.0
Female,16,2.1,0,6,67.0,2.5,Medium,3,3,4,29,3,3,Yes,45.0
Male,17,2.3,0,7,69.0,3.0,Medium,4,4,4,31,4,3,Yes,49.0
Female,18,2.5,0,8,71.0,3.5,High,4,4,5,33,4,4,Yes,53.0
Male,19,2.7,0,9,73.0,4.0,High,5,5,5,35,5,4,Yes,57.0
Female,20,2.9,0,10,75.0,4.0,High,5,5,5,37,5,5,Yes,61.0
Male,16,1.0,5,0,54.0,0.0,Low,1,1,1,19,1,1,No,25.0
Female,17,1.1,4,1,56.0,0.5,Low,1,1,2,20,1,1,No,27.0
Male,18,1.3,3,2,58.0,1.0,Low,2,2,2,21,2,1,No,29.0
Female,19,1.5,2,3,60.0,1.5,Medium,2,2,3,23,2,2,No,33.0
Male,20,1.7,1,4,62.0,2.0,Medium,3,3,3,25,3,2,No,37.0
Female,16,1.9,0,5,64.0,2.5,Medium,3,3,4,27,3,3,Yes,41.0
Male,17,2.1,0,6,66.0,3.0,Medium,4,4,4,29,4,3,Yes,45.0
Female,18,2.3,0,7,68.0,3.5,High,4,4,5,31,4,4,Yes,49.0
Male,19,2.5,0,8,70.0,4.0,High,5,5,5,33,5,4,Yes,53.0
Female,20,2.7,0,9,72.0,4.0,High,5,5,5,35,5,5,Yes,57.0
Male,16,2.4,2,7,77.0,1.5,Medium,3,2,3,33,3,2,No,54.0
Female,17,2.6,1,8,80.0,2.0,Medium,3,3,3,35,3,3,No,58.0
Male,18,2.8,0,9,83.0,2.5,Medium,4,3,4,37,4,3,Yes,62.0
Female,19,3.0,0,10,86.0,3.0,Medium,4,4,4,39,4,4,Yes,66.0
Male,20,3.2,0,11,89.0,3.5,High,5,4,5,41,5,4,Yes,70.0
Female,16,3.4,0,12,92.0,4.0,High,5,5,5,43,5,5,Yes,74.0
Male,17,3.6,0,13,95.0,4.0,High,5,5,5,45,5,5,Yes,78.0
Female,18,3.8,0,14,98.0,4.0,High,5,5,5,47,5,5,Yes,82.0
Male,19,4.0,0,15,100.0,4.0,High,5,5,5,49,5,5,Yes,86.0
Female,20,2.2,3,6,74.0,1.0,Low,2,2,2,32,2,2,No,50.0
Male,16,2.4,2,7,77.0,1.5,Medium,3,2,3,34,3,2,No,55.0
Female,17,2.6,1,8,80.0,2.0,Medium,3,3,3,36,3,3,No,59.0
Male,18,2.8,0,9,83.0,2.5,Medium,4,3,4,38,4,3,Yes,63.0
Female,19,3.0,0,10,86.0,3.0,Medium,4,4,4,40,4,4,Yes,67.0
Male,20,3.2,0,11,89.0,3.5,High,5,4,5,42,5,4,Yes,71.0
Female,16,3.4,0,12,92.0,4.0,High,5,5,5,44,5,5,Yes,75.0
Male,17,3.6,0,13,95.0,4.0,High,5,5,5,46,5,5,Yes,79.0
Female,18,3.8,0,14,98.0,4.0,High,5,5,5,48,5,5,Yes,83.0
Male,19,4.0,0,15,100.0,4.0,High,5,5,5,50,5,5,Yes,87.0
Female,20,2.0,4,5,70.0,0.5,Low,1,1,2,28,1,1,No,46.0
Male,16,2.1,3,6,72.0,1.0,Low,2,2,2,29,2,1,No,48.0
Female,17,2.3,2,7,74.0,1.5,Medium,2,2,3,31,2,2,No,52.0
Male,18,2.5,1,8,76.0,2.0,Medium,3,3,3,33,3,2,No,56.0
Female,19,2.7,0,9,78.0,2.5,Medium,3,3,4,35,3,3,Yes,60.0
Male,20,2.9,0,10,80.0,3.0,Medium,4,4,4,37,4,3,Yes,64.0
Female,16,3.1,0,11,82.0,3.5,High,4,4,5,39,4,4,Yes,68.0
Male,17,3.3,0,12,84.0,4.0,High,5,5,5,41,5,4,Yes,72.0
Female,18,3.5,0,13,86.0,4.0,High,5,5,5,43,5,5,Yes,76.0
Male,19,3.7,0,14,88.0,4.0,High,5,5,5,45,5,5,Yes,80.0
Male,16,2.3,3,6,74.0,1.0,Low,2,2,2,32,2,2,No,50.0
Female,17,2.5,2,7,77.0,1.5,Medium,3,2,3,34,3,2,No,54.0
Male,18,2.7,1,8,80.0,2.0,Medium,3,3,3,36,3,3,No,58.0
Female,19,2.9,0,9,83.0,2.5,Medium,4,3,4,38,4,3,Yes,62.0
Male,20,3.1,0,10,86.0,3.0,Medium,4,4,4,40,4,4,Yes,66.0
Female,16,3.3,0,11,89.0,3.5,High,5,4,5,42,5,4,Yes,70.0
Male,17,3.5,0,12,92.0,4.0,High,5,5,5,44,5,5,Yes,74.0
Female,18,3.7,0,13,95.0,4.0,High,5,5,5,46,5,5,Yes,78.0
Male,19,3.9,0,14,98.0,4.0,High,5,5,5,48,5,5,Yes,82.0
Female,20,2.1,4,5,71.0,0.5,Low,1,1,2,29,1,1,No,47.0
Male,16,2.2,3,6,73.0,1.0,Low,2,2,2,30,2,1,No,49.0
Female,17,2.4,2,7,75.0,1.5,Medium,2,2,3,32,2,2,No,53.0
Male,18,2.6,1,8,77.0,2.0,Medium,3,3,3,34,3,2,No,57.0
Female,19,2.8,0,9,79.0,2.5,Medium,3,3,4,36,3,3,Yes,61.0
Male,20,3.0,0,10,81.0,3.0,Medium,4,4,4,38,4,3,Yes,65.0
Female,16,3.2,0,11,83.0,3.5,High,4,4,5,40,4,4,Yes,69.0
Male,17,3.4,0,12,85.0,4.0,High,5,5,5,42,5,4,Yes,73.0
Female,18,3.6,0,13,87.0,4.0,High,5,5,5,44,5,5,Yes,77.0
Male,19,3.8,0,14,89.0,4.0,High,5,5,5,46,5,5,Yes,81.0
Female,20,2.0,4,5,70.0,0.5,Low,1,1,2,28,1,1,No,46.0
Male,16,2.1,3,6,72.0,1.0,Low,2,2,2,29,2,1,No,48.0
Female,17,2.3,2,7,74.0,1.5,Medium,2,2,3,31,2,2,No,52.0
Male,18,2.5,1,8,76.0,2.0,Medium,3,3,3,33,3,2,No,56.0
Female,19,2.7,0,9,78.0,2.5,Medium,3,3,4,35,3,3,Yes,60.0
Male,20,2.9,0,10,80.0,3.0,Medium,4,4,4,37,4,3,Yes,64.0
Female,16,3.1,0,11,82.0,3.5,High,4,4,5,39,4,4,Yes,68.0
Male,17,3.3,0,12,84.0,4.0,High,5,5,5,41,5,4,Yes,72.0
Female,18,3.5,0,13,86.0,4.0,High,5,5,5,43,5,5,Yes,76.0
Male,19,3.7,0,14,88.0,4.0,High,5,5,5,45,5,5,Yes,80.0
Female,20,1.9,5,4,69.0,0.0,Low,1,1,1,27,1,1,No,44.0
Male,16,2.0,4,5,71.0,0.5,Low,1,1,2,28,1,1,No,46.0
Female,17,2.2,3,6,73.0,1.0,Low,2,2,2,29,2,1,No,48.0
Male,18,2.4,2,7,75.0,1.5,Medium,2,2,3,31,2,2,No,52.0
Female,19,2.6,1,8,77.0,2.0,Medium,3,3,3,33,3,2,No,56.0
Male,20,2.8,0,9,79.0,2.5,Medium,3,3,4,35,3,3,Yes,60.0
Female,16,3.0,0,10,81.0,3.0,Medium,4,4,4,37,4,3,Yes,64.0
Male,17,3.2,0,11,83.0,3.5,High,4,4,5,39,4,4,Yes,68.0
Female,18,3.4,0,12,85.0,4.0,High,5,5,5,41,5,4,Yes,72.0
Male,19,3.6,0,13,87.0,4.0,High,5,5,5,43,5,5,Yes,76.0
Female,20,1.8,5,3,68.0,0.0,Low,1,1,1,26,1,1,No,42.0
Male,16,1.9,4,4,70.0,0.5,Low,1,1,2,27,1,1,No,44.0
Female,17,2.1,3,5,72.0,1.0,Low,2,2,2,28,2,1,No,46.0
Male,18,2.3,2,6,74.0,1.5,Medium,2,2,3,30,2,2,No,50.0
Female,19,2.5,1,7,76.0,2.0,Medium,3,3,3,32,3,2,No,54.0
Male,20,2.7,0,8,78.0,2.5,Medium,3,3,4,34,3,3,Yes,58.0
Female,16,2.9,0,9,80.0,3.0,Medium,4,4,4,36,4,3,Yes,62.0
Male,17,3.1,0,10,82.0,3.5,High,4,4,5,38,4,4,Yes,66.0
Female,18,3.3,0,11,84.0,4.0,High,5,5,5,40,5,4,Yes,70.0
Male,19,3.5,0,12,86.0,4.0,High,5,5,5,42,5,5,Yes,74.0
Female,20,1.7,5,2,67.0,0.0,Low,1,1,1,25,1,1,No,40.0
Male,16,1.8,4,3,69.0,0.5,Low,1,1,2,26,1,1,No,42.0
Female,17,2.0,3,4,71.0,1.0,Low,2,2,2,27,2,1,No,44.0
Male,18,2.2,2,5,73.0,1.5,Medium,2,2,3,29,2,2,No,48.0
Female,19,2.4,1,6,75.0,2.0,Medium,3,3,3,31,3,2,No,52.0
Male,20,2.6,0,7,77.0,2.5,Medium,3,3,4,33,3,3,Yes,56.0
Female,16,2.8,0,8,79.0,3.0,Medium,4,4,4,35,4,3,Yes,60.0
Male,17,3.0,0,9,81.0,3.5,High,4,4,5,37,4,4,Yes,64.0
Female,18,3.2,0,10,83.0,4.0,High,5,5,5,39,5,4,Yes,68.0
Male,19,3.4,0,11,85.0,4.0,High,5,5,5,41,5,5,Yes,72.0
Female,20,1.6,5,1,66.0,0.0,Low,1,1,1,24,1,1,No,38.0
Male,16,1.7,4,2,68.0,0.5,Low,1,1,2,25,1,1,No,40.0
Female,17,1.9,3,3,70.0,1.0,Low,2,2,2,26,2,1,No,42.0
Male,18,2.1,2,4,72.0,1.5,Medium,2,2,3,28,2,2,No,46.0
Female,19,2.3,1,5,74.0,2.0,Medium,3,3,3,30,3,2,No,50.0
Male,20,2.5,0,6,76.0,2.5,Medium,3,3,4,32,3,3,Yes,54.0
Female,16,2.7,0,7,78.0,3.0,Medium,4,4,4,34,4,3,Yes,58.0
Male,17,2.9,0,8,80.0,3.5,High,4,4,5,36,4,4,Yes,62.0
Female,18,3.1,0,9,82.0,4.0,High,5,5,5,38,5,4,Yes,66.0
Male,19,3.3,0,10,84.0,4.0,High,5,5,5,40,5,5,Yes,70.0
Female,20,1.5,5,0,65.0,0.0,Low,1,1,1,23,1,1,No,36.0
Male,16,1.6,4,1,67.0,0.5,Low,1,1,2,24,1,1,No,38.0
Female,17,1.8,3,2,69.0,1.0,Low,2,2,2,25,2,1,No,40.0
Male,18,2.0,2,3,71.0,1.5,Medium,2,2,3,27,2,2,No,44.0
Female,19,2.2,1,4,73.0,2.0,Medium,3,3,3,29,3,2,No,48.0
Male,20,2.4,0,5,75.0,2.5,Medium,3,3,4,31,3,3,Yes,52.0
Female,16,2.6,0,6,77.0,3.0,Medium,4,4,4,33,4,3,Yes,56.0
Male,17,2.8,0,7,79.0,3.5,High,4,4,5,35,4,4,Yes,60.0
Female,18,3.0,0,8,81.0,4.0,High,5,5,5,37,5,4,Yes,64.0
Male,19,3.2,0,9,83.0,4.0,High,5,5,5,39,5,5,Yes,68.0
Female,20,1.4,5,2,64.0,0.0,Low,1,1,1,22,1,1,No,34.0
Male,16,1.5,4,3,66.0,0.5,Low,1,1,2,23,1,1,No,36.0
Female,17,1.7,3,4,68.0,1.0,Low,2,2,2,24,2,1,No,38.0
Male,18,1.9,2,5,70.0,1.5,Medium,2,2,3,26,2,2,No,42.0
Female,19,2.1,1,6,72.0,2.0,Medium,3,3,3,28,3,2,No,46.0
Male,20,2.3,0,7,74.0,2.5,Medium,3,3,4,30,3,3,Yes,50.0
Female,16,2.5,0,8,76.0,3.0,Medium,4,4,4,32,4,3,Yes,54.0
Male,17,2.7,0,9,78.0,3.5,High,4,4,5,34,4,4,Yes,58.0
Female,18,2.9,0,10,80.0,4.0,High,5,5,5,36,5,4,Yes,62.0
Male,19,3.1,0,11,82.0,4.0,High,5,5,5,38,5,5,Yes,66.0
Female,20,1.3,5,1,63.0,0.0,Low,1,1,1,21,1,1,No,32.0
Male,16,1.4,4,2,65.0,0.5,Low,1,1,2,22,1,1,No,34.0
Female,17,1.6,3,3,67.0,1.0,Low,2,2,2,23,2,1,No,36.0
Male,18,1.8,2,4,69.0,1.5,Medium,2,2,3,25,2,2,No,40.0
Female,19,2.0,1,5,71.0,2.0,Medium,3,3,3,27,3,2,No,44.0
Male,20,2.2,0,6,73.0,2.5,Medium,3,3,4,29,3,3,Yes,48.0
Female,16,2.4,0,7,75.0,3.0,Medium,4,4,4,31,4,3,Yes,52.0
Male,17,2.6,0,8,77.0,3.5,High,4,4,5,33,4,4,Yes,56.0
Female,18,2.8,0,9,79.0,4.0,High,5,5,5,35,5,4,Yes,60.0
Male,19,3.0,0,10,81.0,4.0,High,5,5,5,37,5,5,Yes,64.0
